city,run,window_index,sim_matched_epochs,actual_fix_rate_pct,base_pred_fix_rate_pct,residual_pred_pp,corrected_pred_fix_rate_pct,base_error_pp,corrected_error_pp,abs_error_gain_pp,solver_demo5_ratio_mean,rtk_lock_p90_p50,rtk_lock_p90_p50_past_delta,ratio_mean_ge3_prob,ratio_mean_ge5_prob,ratio_p90_ge10_prob,ratio_p95_ge15_prob,ratio_rise_mean_ge2_prob,lock_p90p50_ge100_prob,lock_rise_p90p50_ge50_prob,lock_carry_or_rise_prob,ratio_or_lock_carry_prob,pre_calibrated_pred_fix_rate_pct
nagoya,run1,0,300,0.0,24.617164529721272,-13.335814341785872,10.962701612903226,24.617164529721272,10.962701612903226,13.654462916818046,1.0286666666666668,0.0,0.0,0.7315627914351824,0.8523629156008511,0.8620460204945593,0.5975762562655037,0.0842873755604585,0.5290338368941812,0.0,0.4038066483219011,0.7853711669068112,14.615303773381866
nagoya,run1,1,300,80.0,55.905672307484735,-22.96328546828234,36.03906011595972,-24.094327692515265,-43.96093988404028,-19.866612191525014,8.295666666666666,90.5,90.5,0.7506108967582621,0.6456126963211064,0.7073308902230138,0.4663203105272234,0.5848555779506833,0.5823524387354551,0.5420767641706011,0.5249326966058989,0.725853890333421,38.68320820627298
nagoya,run1,2,300,100.0,34.8199323122003,2.792403936887717,36.03906011595972,-65.18006768779969,-63.96093988404028,1.219127803759413,29.301,390.5,300.0,0.5793154480014392,0.3562463429634456,0.2679675030918461,0.3093652402365611,0.1857909099847269,0.7667032332615137,0.7012698056557051,0.6813216317259863,0.7945135588316925,36.91423526486609
nagoya,run1,3,214,77.10280373831776,10.39769871785966,14.677751982571262,13.6018910666798,-66.7051050204581,-63.50091267163796,3.2041923488201434,26.129439252336454,601.5,211.0,0.5071583213921103,0.3357868119464347,0.2585857133804281,0.3091469704774712,0.0,0.7634862237604153,0.474513888282088,0.6569552963479338,0.8531354709564875,21.406012704788107
nagoya,run1,4,280,0.0,3.394979130878922,8.391873242855075,9.91304347826087,3.394979130878922,9.91304347826087,-6.518064347381947,0.3064285714285714,0.0,-601.5,0.0853469458117566,0.044549770912937,0.0498345164232038,0.0303472623107947,0.0095026924295216,0.1460549329804271,0.0239365647290143,0.1336283724784439,0.1341301392467667,9.688884063020229
nagoya,run1,5,300,3.333333333333333,18.75825076811805,-12.477503129542896,9.91304347826087,15.424917434784717,6.579710144927536,8.845207289857182,1.326,0.0,0.0,0.3468590851500118,0.2369074100359569,0.3219945911713979,0.2965625911047033,0.4174236115102873,0.2289367638552036,0.1886328241489179,0.2111945439617942,0.2923711918934586,9.400123420960876
nagoya,run1,6,300,0.3333333333333333,11.315940710314669,2.493446170979457,10.962701612903226,10.982607376981335,10.629368279569892,0.35323909741144277,1.2846666666666666,11.0,11.0,0.4220408086429542,0.4899630237125266,0.286091830653287,0.257800767754708,0.4826555515064009,0.5503449592246034,0.685459548589857,0.6310896176511444,0.6312376359827584,13.186025338549262
nagoya,run1,7,300,0.0,33.68373091684834,-3.517090663550821,14.829659318637276,33.68373091684834,14.829659318637276,18.854071598211064,1.0926666666666665,11.0,0.0,0.4821352510937832,0.7746478430990287,0.664577122015365,0.4449700806116399,0.4283108663575856,0.7560758403093008,0.6985410751702154,0.7735955257686102,0.7351646194292619,31.045912919185227
nagoya,run1,8,300,12.333333333333334,10.180194035397934,-7.074618008415115,7.7626527050610825,-2.1531392979354003,-4.570680628272251,-2.417541330336851,1.2273333333333334,17.85,6.850000000000001,0.1695467804680342,0.293861559446709,0.3083738456375967,0.3110175245544843,0.0504973225567302,0.5896527896205803,0.1074599824576848,0.5038585608138421,0.620771043625571,4.8742305290865975
nagoya,run1,9,269,1.1152416356877324,2.535206058167393,-17.931791855348784,7.7626527050610825,1.4199644224796608,6.64741106937335,-5.227446646893689,0.9286245353159852,34.0,16.15,0.0594917793979183,0.0838243311067371,0.0296990207854561,0.0429783341796703,0.0,0.1949825228368149,0.0325315427007518,0.0935158734041646,0.1581352916865373,0.0
nagoya,run1,10,300,3.333333333333333,14.9670817286306,-21.04626940600307,7.7626527050610825,11.633748395297268,4.4293193717277495,7.204429023569518,1.4486666666666668,34.0,0.0,0.0586340916128447,0.1511191782011279,0.2519337952245551,0.0845283654054632,0.085654489682097,0.3886139226678705,0.127492169877923,0.3485924487251125,0.3376748323237222,0.0
nagoya,run1,11,234,4.273504273504273,6.168221109206828,-5.908432569651479,7.7626527050610825,1.894716835702555,3.489148431556809,-1.594431595854254,0.991880341880342,39.0,5.0,0.1303038787455534,0.0837395456125375,0.1649251828017666,0.229671883953678,0.0112261444430585,0.4997327085656124,0.1538071674238488,0.5462536081692354,0.672571499321995,1.736896681968219
nagoya,run1,12,268,2.238805970149253,1.848534619007745,-16.08581448082391,7.7626527050610825,-0.3902713511415081,5.52384673491183,-5.133575383770322,0.6992537313432835,0.0,-39.0,0.0294144296202374,0.0393695578284268,0.0474789779883862,0.0242684478371501,0.0095026924295216,0.1604066891101143,0.0076516303831162,0.0739654087139577,0.0693543647831769,0.0
nagoya,run1,13,300,5.333333333333334,13.070444222285834,-12.462823626257634,7.7626527050610825,7.7371108889525,2.4293193717277486,5.307791517224752,1.4269999999999998,22.0,22.0,0.4810094227230039,0.7407556429459344,0.7538139279532743,0.2482215495969509,0.3259831274438619,0.1411543551477731,0.3647200119927358,0.1394143506952246,0.3172997514658562,3.723326502592608
nagoya,run1,14,300,0.0,12.828530407128458,-18.105470856261164,7.7626527050610825,12.828530407128458,7.7626527050610825,5.065877702067375,1.3003333333333331,22.0,0.0,0.6863054835869259,0.7327062824215637,0.6001711512289513,0.3975900613659767,0.6587209895537716,0.420662825151871,0.6434682386005953,0.4143211153950516,0.4907993790974863,0.0
nagoya,run1,15,233,6.437768240343347,2.639166860680261,16.172391533812426,10.962701612903226,-3.798601379663086,4.524933372559879,-0.7263319928967928,1.3145922746781111,24.5,2.4999999999999964,0.0294996653561257,0.0919578246931202,0.0862616755381509,0.0454061446740553,0.0208333333333333,0.3996937151108924,0.1842952077995751,0.4179258947578175,0.4526589266085977,14.768460511039583
nagoya,run1,16,300,0.0,5.124085268967049,11.452462585106682,10.962701612903226,5.124085268967049,10.962701612903226,-5.838616343936177,0.7659999999999999,0.0,-24.5,0.2626549701271269,0.2734705990868974,0.33843367860861,0.1210707283430026,0.1113332574190004,0.0771661372923425,0.0068907934975052,0.0327953495405736,0.1178512812600435,13.71343220779706
nagoya,run1,17,300,0.0,10.270657846977189,17.70027219928707,13.6018910666798,10.270657846977189,13.6018910666798,-3.331233219702611,1.2829999999999997,0.0,0.0,0.5318941093834585,0.2151851293501983,0.446591849852587,0.4408592425782831,0.5317272889980047,0.5728151000274015,0.6456392532286741,0.6332118748930726,0.6716336751782735,23.54586199644249
nagoya,run1,18,300,0.0,13.741322140654654,-8.493953912945914,7.7626527050610825,13.741322140654654,7.7626527050610825,5.978669435593572,1.238,0.0,0.0,0.2772159155772572,0.5119649685197116,0.3809876331445003,0.294280365238242,0.2954491908844108,0.6925744501146542,0.4325517386093744,0.6404767907855504,0.6698876417611752,7.3708567059452195
nagoya,run1,19,300,5.333333333333334,10.505655599377691,18.369180642816858,13.6018910666798,5.1723222660443575,8.268557733346466,-3.096235467302108,1.336,0.0,0.0,0.4477654448010796,0.0906817327133313,0.2112863532815775,0.2362604708908025,0.1719549575967253,0.6470389605415945,0.4866746577978543,0.5975958621948753,0.6620982951512113,24.282541081490336
nagoya,run1,20,300,5.666666666666666,2.022112509861438,15.328090588286384,10.962701612903226,-3.644554156805228,5.29603494623656,-1.6514807894313317,1.4480000000000002,32.6,32.6,0.3947259477305703,0.2140191942602073,0.1673332371417948,0.0933960113699794,0.2971225724947258,0.6053333146964481,0.4900434509856544,0.6088140262603403,0.6934903919617657,13.518180451076226
nagoya,run1,21,300,0.0,26.47095689450632,-8.173379563430682,13.6018910666798,26.47095689450632,13.6018910666798,12.86906582782652,1.1793333333333331,32.7,0.1000000000000014,0.5142670000352175,0.6326877927719537,0.3819350990751243,0.4817012389780199,0.3743012582953114,0.617521074914021,0.7176041189931068,0.5943954834658347,0.666853400440707,20.340922221933308
nagoya,run1,22,300,0.0,29.793304818870737,6.498825675351286,36.03906011595972,29.793304818870737,36.03906011595972,-6.245755297088984,1.2566666666666666,32.7,0.0,0.6157747356797237,0.2726128875198099,0.4554685877677302,0.4104542433561804,0.0445330410509244,0.7512705849683837,0.8041791393505345,0.684311800556258,0.7951901521339274,34.667424075384204
nagoya,run1,23,300,0.0,23.68091134613474,-9.371984938898189,10.962701612903226,23.68091134613474,10.962701612903226,12.718209733231513,1.2943333333333331,32.5,-0.2000000000000028,0.5699927281356822,0.6460591854558426,0.5382189808290827,0.4697827621330872,0.0095207870517296,0.7444802485560791,0.6960479725163347,0.7409970125465108,0.8322585709520336,16.651922641961097
nagoya,run1,24,300,0.0,16.084539412535324,-4.543837103968797,10.962701612903226,16.084539412535324,10.962701612903226,5.1218377996320985,1.4533333333333334,24.5,-8.0,0.7005819168995915,0.2517700617028254,0.2746805212307409,0.1659526519248896,0.0596469246733541,0.6272909437126822,0.5835523137198175,0.5579658870625325,0.7007410146677371,12.67666158455873
nagoya,run1,25,151,0.0,12.162150061545168,-17.24038500817226,7.7626527050610825,12.162150061545168,7.7626527050610825,4.399497356484085,1.5635761589403974,22.0,-2.5,0.238395148582685,0.1549924048003625,0.1085628145880854,0.1089026789375351,0.031935709619455,0.619379850696213,0.1767898249521659,0.510941110178989,0.6046023431129757,0.0
nagoya,run2,0,300,81.33333333333333,32.424509080544325,-16.49677586478888,13.372768564487167,-48.908824252789,-67.96056476884615,-19.05174051605715,7.824333333333334,94.5,0.0,0.7503526290295665,0.7210876873841625,0.7742993900787744,0.614668665770593,0.1512805178904855,0.4901810195360753,0.0,0.5267240803955435,0.5756456606795937,20.051927181952667
nagoya,run2,1,300,100.0,68.24697709577502,-1.7685113336556084,71.06884143567315,-31.753022904224977,-28.93115856432685,2.821864339898127,13.197666666666665,394.5,300.0,0.6003654755597492,0.5350955180414514,0.537822097039417,0.3720624376868878,0.6038413630236141,0.5156322757357981,0.666381068953347,0.4784597893622768,0.5756597648009315,66.92059359553332
nagoya,run2,2,300,85.33333333333334,41.70123505346338,20.02806657496038,70.00124026224897,-43.632098279869965,-15.332093071084373,28.300005208785592,4.844000000000001,694.5,300.0,0.6059663496536276,0.4775296190657802,0.5293755191058956,0.3502980260440625,0.6604910404923796,0.5238072390240197,0.6554342330150439,0.5323451057364343,0.5968476549000379,56.72228498468365
nagoya,run2,3,300,64.33333333333333,47.55513866683234,19.64044171622653,70.58361750026486,-16.778194666500987,6.250284166931536,10.527910499569451,4.207333333333334,950.5,256.0,0.5961133101832372,0.5542776201655174,0.4803170024295836,0.5123927931625062,0.0666971161218883,0.5618795480296861,0.6722791003310682,0.5094343794491036,0.6413118430800756,62.28546995400224
nagoya,run2,4,266,7.518796992481203,9.577914691834604,1.85117005815636,9.31663370687761,2.0591176993534006,1.7978367143964071,0.2612809849569935,0.7172932330827069,0.0,-950.5,0.1111739763581037,0.1454914216633663,0.0395442663726687,0.0708984405657871,0.0210799767326598,0.1886283092447945,0.0074183976261127,0.1752387297613643,0.1337609689896092,10.966292235451872
nagoya,run2,5,300,0.0,6.219912901443451,-2.8927797463693485,7.095536959553697,6.219912901443451,7.095536959553697,-0.8756240581102457,1.2696666666666665,20.0,20.0,0.0806892168376057,0.066877851859053,0.0939202912822255,0.1264213441900983,0.1093687553410053,0.025091344454789,0.0,0.039127912762403,0.0531729979362429,4.05032809166644
nagoya,run2,6,300,14.666666666666666,12.965557169215018,-12.429014268452637,7.095536959553697,-1.7011094974516485,-7.571129707112969,-5.8700202096613205,1.4546666666666666,50.49999999999997,30.49999999999997,0.1139233730748061,0.1908008011955687,0.1573525122380586,0.1480113599299513,0.1451206035742442,0.1342877547617071,0.0647275211402264,0.2176798407166889,0.2517739131695596,3.643796467875539
nagoya,run2,7,275,9.090909090909092,5.539574425321275,2.9466240128344103,8.341776426882811,-3.5513346655878166,-0.7491326640262805,2.802202001561536,1.827272727272728,54.399999999999984,3.900000000000013,0.0,0.0097636958221306,0.0211731968745868,0.0572022953573113,0.0125,0.0161542026107656,0.0078905839032088,0.0154652837410807,0.0230870712401055,7.749542434947084
nagoya,run2,8,300,17.0,3.492184459691361,7.071902421248577,8.395170220855737,-13.50781554030864,-8.604829779144263,4.902985761164377,2.732,88.20000000000006,33.800000000000075,0.0208908532405392,0.0284934578151601,0.0125,0.0,0.0119791971229752,0.0223154362416107,0.0,0.0125,0.0547597864768683,8.796111275627794
nagoya,run2,9,269,11.895910780669144,8.446425106127226,8.077678429789827,9.31663370687761,-3.4494856745419185,-2.579277073791534,0.8702086007503844,2.318587360594796,124.29999999999995,36.099999999999895,0.1063018496128431,0.0562557829721567,0.045460515983876,0.0618557282339281,0.0462072273783006,0.0646000163835489,0.0521787253094743,0.1086929690609662,0.1271941949517398,14.504683928469596
nagoya,run2,10,265,6.415094339622642,8.393849196464998,2.2092952623542725,9.31663370687761,1.9787548568423565,2.9015393672549683,-0.9227845104126118,1.049433962264151,0.0,-124.29999999999995,0.0162251217527201,0.0404803586531636,0.0190987511726159,0.0081616789739603,0.0789000496845605,0.0764877186379112,0.0,0.1438654950078388,0.1572996911570916,10.050820643230704
nagoya,run2,11,300,7.666666666666666,9.912992640053677,-0.5793821494553618,9.31663370687761,2.2463259733870107,1.649967040210944,0.5963589331760666,2.1619999999999995,40.0,40.0,0.1123176649814005,0.0427659115348017,0.0085135399993466,0.028728961304347,0.2771716992031659,0.0125,0.0,0.0900961087690958,0.0,9.478456027962157
nagoya,run2,12,300,0.0,15.963166149454832,9.647266615027904,13.372768564487167,15.963166149454832,13.372768564487167,2.590397584967665,1.2023333333333333,40.0,0.0,0.1081723087997293,0.1806982787378822,0.23215672615815,0.1811280473563095,0.5638456615446553,0.2312171282220164,0.3565646141130142,0.3959180832784739,0.4384793714670975,23.19861611072576
nagoya,run2,13,300,4.666666666666667,17.431259835236954,19.592199908006183,45.68784181741691,12.764593168570286,41.021175150750246,-28.25658198217996,1.955333333333333,40.0,0.0,0.1001172330981522,0.1304186593239533,0.1901900677737976,0.1874664247772179,0.0287270152951247,0.5029509910018576,0.6413358867115219,0.5241812062895402,0.4506943007983301,32.12540976624159
nagoya,run2,14,300,26.666666666666668,13.719938448493574,25.814559440795005,45.68784181741691,-12.946728218173094,19.021175150750242,-6.074446932577148,3.567333333333333,103.59999999999997,63.599999999999966,0.3437819610859519,0.0700580141787533,0.1928725384808044,0.1552346026451317,0.0500798176779972,0.5561822627199436,0.0822127001439098,0.5084633655406873,0.5652894777755272,33.080858029089825
nagoya,run2,15,289,0.0,4.784334286920829,11.956511114012782,9.31663370687761,4.784334286920829,9.31663370687761,-4.532299419956781,0.6307958477508651,118.80000000000008,15.200000000000102,0.0115568294098273,0.0644341721101386,0.0970421219523361,0.1425836806247686,0.0095916329426604,0.1089025423335662,0.0473574830533137,0.0493590579823925,0.154826082118011,13.751717622430416
nagoya,run2,16,295,0.0,5.136676883628116,4.5541620697812615,8.341776426882811,5.136676883628116,8.341776426882811,-3.205099543254695,1.0,120.60000000000004,1.799999999999983,0.0115568294098273,0.0078921899963131,0.0267444915969279,0.0206395348837209,0.042703042759085,0.084002960494117,0.0724248927038626,0.0152704831932773,0.0786672015204414,8.552298435964062
nagoya,run2,17,231,0.0,18.50413501631225,-1.9962839451459768,9.31663370687761,18.50413501631225,9.31663370687761,9.18750130943464,1.0,134.0,13.399999999999949,0.0767771108758232,0.1504786437318249,0.1571743263155037,0.063066754726212,0.0570299509668325,0.2037645667599262,0.0,0.0792120668363999,0.0691167179624419,17.006922057452773
nagoya,run2,18,286,7.3426573426573425,4.260096322113029,2.2446718596878643,8.341776426882811,-3.082561020544314,0.9991190842254687,2.0834419363188452,0.8769230769230769,0.0,-134.0,0.0171609793428275,0.028620615904443,0.0297283995624217,0.035661145045208,0.0094315245478036,0.1172951362579329,0.0,0.1019506490470005,0.0642030763496052,5.943600216878927
nagoya,run2,19,271,11.07011070110701,3.530028846041104,0.6684336485352805,7.095536959553697,-7.540081855065907,-3.9745737415533133,3.5655081135125934,1.6206642066420665,27.5,27.5,0.010350821744627,0.015672744289816,0.0179716439095987,0.0275374242859776,0.0,0.0300506414385841,0.0,0.025,0.0301550746640045,4.031354082442565
nagoya,run2,20,287,4.529616724738676,6.17809993189219,0.6343524475647989,8.341776426882811,1.6484832071535136,3.812159702144135,-2.1636764949906215,0.6770034843205575,7.0,-20.5,0.0332152722000547,0.0163953171883986,0.0125,0.0170643117642989,0.0091008826609484,0.0404056262825984,0.0072886297376093,0.0588786030164253,0.0125,6.653864267565789
nagoya,run2,21,300,1.0,13.29020622459805,7.026550107301937,13.372768564487167,12.29020622459805,12.372768564487167,-0.0825623398891171,0.8266666666666665,1.0,-6.0,0.0636593080065508,0.0110010706638115,0.0383666462763967,0.0406115299007695,0.0415521305932156,0.0488719870099745,0.0,0.0342534262624863,0.0760348163401082,18.560118805074502
nagoya,run2,22,300,20.666666666666668,12.09392586757103,6.499741880093649,9.31663370687761,-8.572740799095637,-11.350032959789058,-2.7772921606934204,4.0713333333333335,41.95,40.95,0.0562764761350739,0.091530208244038,0.0971798890826924,0.0691329746072161,0.2131356591721898,0.1555819202541866,0.1576988419074406,0.215851361105281,0.202530648642373,16.968732277641266
nagoya,run2,23,300,0.0,16.856147496390243,9.411668625540717,13.372768564487167,16.856147496390243,13.372768564487167,3.4833789319030757,1.1906666666666663,63.8,21.85,0.29677542116559,0.1924079784720955,0.1980958755066415,0.1267328678676572,0.173455330897808,0.3417531696656596,0.3134649414791358,0.524373306812233,0.5077615326706445,23.91489896554578
nagoya,run2,24,297,2.6936026936026933,25.877720538707177,6.877306295780835,14.266666666666666,23.184117845104485,11.573063973063972,11.611053872040513,1.5562289562289562,64.1,0.2999999999999971,0.1264745776270803,0.2261957965230957,0.2166917966044327,0.2768402563785756,0.2069002561623242,0.5504151087512736,0.6537871275369204,0.5669409178430429,0.5158031088598102,31.035700260542804
nagoya,run2,25,300,16.333333333333332,9.9566392192834,11.471148553401155,13.372768564487167,-6.376694114049933,-2.960564768846165,3.4161293452037675,1.7706666666666668,49.0,-15.099999999999994,0.0502359812118464,0.0736910315817301,0.0790200632052898,0.0521284787466162,0.0317872680535101,0.099704217374297,0.008150289017341,0.0818242751083009,0.0537745592033589,18.560000634334266
nagoya,run2,26,300,0.0,6.095465917955847,-10.07660460637988,7.095536959553697,6.095465917955847,7.095536959553697,-1.0000710415978498,1.182333333333333,49.0,0.0,0.3249861317746873,0.363394178098182,0.3561311014306292,0.1489212595249885,0.209846479464371,0.1808375787004005,0.2385962882916312,0.4131850719550833,0.392316726332215,0.0
nagoya,run2,27,300,0.0,27.25475007167193,-24.529775774574848,8.615288085912768,27.25475007167193,8.615288085912768,18.639461985759162,1.1826666666666668,49.0,0.0,0.4345082582381016,0.5388335664800126,0.4209192743721307,0.4180274782753995,0.2479440009783814,0.4418934449215371,0.6249051405360151,0.6647221709057951,0.5529423479005316,8.857418240740794
nagoya,run2,28,300,0.0,39.90593050256128,-1.4409066048862629,59.22222222222222,39.90593050256128,59.22222222222222,-19.31629171966094,1.262333333333333,49.0,0.0,0.3432177815951311,0.549512797478585,0.4809627808283404,0.67186436047414,0.1236564146242707,0.3746850267695895,0.6127834831134865,0.5253888191898518,0.4199680956430975,38.82525054889658
nagoya,run2,29,300,0.0,32.07522093820703,-5.549199971450041,13.372768564487167,32.07522093820703,13.372768564487167,18.702452373719865,1.1113333333333333,23.800000000000026,-25.19999999999997,0.4350437502127363,0.647294091041445,0.6533572344395179,0.714335922083121,0.0,0.2909119099422145,0.5289325135994338,0.3088424221707201,0.3733779603488332,27.913320959619504
nagoya,run2,30,300,0.0,43.05203989509348,-0.9610144723506054,59.22222222222222,43.05203989509348,59.22222222222222,-16.170182327128742,1.147,23.800000000000026,0.0,0.5130104533469305,0.4268873928356305,0.2971488357440449,0.634327608527461,0.0531685532178017,0.446228973911731,0.5157865244304232,0.5606097200919631,0.5713690809663631,42.33127904083053
nagoya,run2,31,151,0.0,18.954990199517987,-9.730937224089091,9.31663370687761,18.954990199517987,9.31663370687761,9.638356492640376,1.190728476821192,13.0,-10.800000000000026,0.1172121395083432,0.1466922462840757,0.1346575497941435,0.2864093770031773,0.0410489367180153,0.4686216080017586,0.1036890439359463,0.5449680282852496,0.496294758750794,11.656787281451168
nagoya,run3,0,300,0.0,13.768044945570471,5.850031019989194,14.313222079589217,13.768044945570471,14.313222079589217,-0.5451771340187452,0.9696666666666666,0.0,0.0,0.4156006513796821,0.5155401495125822,0.5996891502290722,0.4425158507698774,0.0076737451737451,0.4343190923916092,0.009986033519553,0.5478975705830627,0.5296561534272203,18.155568210562368
nagoya,run3,1,300,0.3333333333333333,10.699475429360362,7.508388432251044,8.78300803673938,10.366142096027028,8.449674703406046,1.9164673926209819,1.3106666666666666,1.0,1.0,0.3733057297231162,0.4482933991949335,0.5476273552140307,0.314665842100487,0.5395505220247333,0.3779061018243511,0.3050969370337528,0.5183206507445179,0.5212905404386649,16.330766753548644
nagoya,run3,2,300,0.0,13.565452477334167,7.206787977795742,14.313222079589217,13.565452477334167,14.313222079589217,-0.7477696022550493,1.223,1.0,0.0,0.2695093581649578,0.388223266031389,0.4658566838155121,0.4122002230763272,0.5458205476868998,0.4363847894519711,0.3828956079606682,0.4817837316869958,0.5273163482370948,18.97054346068097
nagoya,run3,3,294,2.380952380952381,1.6216012407768277,13.057324592705838,8.78300803673938,-0.7593511401755533,6.402055655786999,-5.642704515611445,1.4448979591836733,1.0,0.0,0.1828276251596404,0.0671250629825487,0.0562547838176923,0.1091753929000412,0.0119959067629148,0.4928589070122662,0.0652161310065122,0.4353759250040959,0.4389390372739007,11.414594685306206
nagoya,run3,4,299,6.020066889632108,0.5166502865681185,11.662951842549672,8.78300803673938,-5.5034166030639895,2.762941147107272,2.7404754559567177,2.38361204013378,8.600000000000005,7.600000000000005,0.0,0.0105896186320621,0.0,0.0263169721758067,0.0111074888226527,0.1871368497029595,0.0171145736926662,0.1632889042024801,0.1836566220174985,9.263864168480373
nagoya,run3,5,293,7.508532423208192,0.5669628815327026,2.3637018859506504,6.931795183161303,-6.94156954167549,-0.5767372400468886,6.364832301628601,1.384300341296928,23.899999999999995,15.29999999999999,0.0210006509900719,0.0,0.0,0.0125,0.0769167787021866,0.0659093016779617,0.0,0.176817377708334,0.1388526777793503,2.33973929599569
nagoya,run3,6,300,2.666666666666667,0.5076010115021252,3.192180776424379,6.931795183161303,-2.1590656551645417,4.265128516494636,-2.1060628613300945,1.4643333333333333,14.0,-9.899999999999997,0.0683705606138226,0.0,0.0,0.0,0.2040666078700628,0.0208709677160306,0.0,0.0555139662862945,0.0994030121352818,2.9017365938204094
nagoya,run3,7,300,47.66666666666667,1.0846644855257472,13.913054702009614,8.78300803673938,-46.58200218114092,-38.88365862992729,7.6983435512136325,16.064,155.5,141.5,0.2681863114198314,0.0886284593014356,0.0114645121701779,0.0195854311151231,0.1283955361537165,0.2252631383157016,0.1801535660659041,0.279396335142699,0.3258407660059059,11.51945551203296
nagoya,run3,8,300,9.666666666666666,1.3823294209253874,13.604228522511724,8.78300803673938,-8.284337245741279,-0.8836586299272859,7.400678615813993,1.389,171.7,16.19999999999999,0.2629748952339578,0.1765677207811991,0.1408596208293789,0.0841317869649006,0.1047470925576806,0.198217344187582,0.1566059726380536,0.1660212277759244,0.194598807048008,11.58550081280918
nagoya,run3,9,300,0.6666666666666667,0.9702541823550525,-2.3310406178447245,6.931795183161303,0.3035875156883857,6.265128516494636,-5.961541000806251,0.7583333333333332,2.0,-169.7,0.0167382919754908,0.0701883911636058,0.1070490654118874,0.1292013185354911,0.010515873015873,0.0644715372312097,0.0594738397174248,0.0776134859565931,0.1618386706939347,0.0
nagoya,run3,10,289,13.494809688581316,0.5418880221883846,-16.09363526835691,6.931795183161303,-12.952921666392932,-6.563014505420013,6.3899071609729186,1.7010380622837369,26.2,24.2,0.0,0.0177890055751821,0.0,0.0318842003719765,0.05,0.1448980607150409,0.0,0.2328563912101691,0.1904313881556928,0.0
nagoya,run3,11,300,0.0,0.3153153337174396,-2.8948771937503306,6.931795183161303,0.3153153337174396,6.931795183161303,-6.616479849443864,1.3323333333333334,43.6,17.400000000000006,0.0208951931104664,0.0177181992682977,0.0411749895166518,0.0,0.091043729788006,0.0814170429210856,0.0074010433918516,0.0848182486802139,0.1454548706556347,0.0
nagoya,run3,12,296,7.094594594594595,0.8578917733259271,-1.5721090656693273,6.931795183161303,-6.2367028212686675,-0.16279941143329157,6.073903409835376,1.5993243243243245,48.400000000000006,4.800000000000004,0.0196871745603355,0.0117448347697049,0.0,0.0085903259223842,0.2437979617310953,0.1259879298475649,0.143160560042138,0.1413644772960954,0.2199404728501662,0.0
nagoya,run3,13,289,20.415224913494807,0.4940499865587693,0.8508562328493178,6.931795183161303,-19.92117492693604,-13.483429730333505,6.437745196602535,1.5705882352941176,82.0,33.599999999999994,0.0261444006518016,0.0333475558101811,0.0747608329867348,0.0442765384430902,0.0,0.0778705434155344,0.0,0.2333816683882009,0.1186092999837022,1.1321921611957575
nagoya,run3,14,293,7.849829351535837,0.6242254744299982,1.5053765379145008,6.931795183161303,-7.225603877105838,-0.9180341683745334,6.307569708731305,1.149146757679181,7.0,-75.0,0.0125,0.031725579191198,0.0214268934410825,0.0226670367426007,0.0,0.0931528171115381,0.0,0.11287642810307,0.0685275651884813,1.7532578778658738
nagoya,run3,15,300,5.0,0.597631503151971,-2.947644974140624,6.931795183161303,-4.402368496848029,1.9317951831613032,2.4705733136867254,1.395333333333333,13.0,6.0,0.0204864778941661,0.0059595071355165,0.0,0.0084183673469387,0.2689407582838242,0.017459757633215,0.0307786658368631,0.0657564470945358,0.094287000439777,0.0
nagoya,run3,16,295,1.3559322033898304,0.4917966665963505,13.881498197155745,8.78300803673938,-0.86413553679348,7.42707583334955,-6.56294029655607,1.2030508474576271,14.2,1.1999999999999993,0.3254561652796913,0.1026132347087668,0.0520798769481761,0.0435144432613432,0.0947970273760525,0.1702246346311521,0.0145348837209302,0.2118957274757895,0.406952579734427,10.902920314463158
nagoya,run3,17,101,13.861386138613865,0.5358406764310086,5.234691314961248,6.931795183161303,-13.325545462182856,-6.929590955452562,6.395954506730294,1.585148514851485,14.0,-0.1999999999999993,0.0395915089530031,0.0166791780408572,0.0403389030128964,0.0090421172094196,0.1195912154816264,0.180225688408936,0.0292414642387545,0.1680788925041566,0.3590069185923208,4.461859162651945
tokyo,run1,0,300,76.66666666666667,10.318656008478134,32.007492805979496,35.487485991781845,-66.34801065818854,-41.179180674884826,25.168829983303716,7.133333333333334,100.5,0.0,0.3109568305779002,0.0463860657463938,0.0185793669577422,0.0368289789004504,0.0534700396540249,0.229986353770139,0.0,0.2543500386883129,0.5130411435826824,34.32427561296276
tokyo,run1,1,300,23.33333333333333,9.936484555913564,27.74137902964901,13.514008423365684,-13.396848777419764,-9.819324909967644,3.57752386745212,1.995,300.0,199.5,0.2872632088934336,0.0501649222569695,0.093964162961302,0.046423740606743,0.4485106626691795,0.3582988504471679,0.390591191822937,0.2799896718976303,0.5037931493508628,30.742518828150324
tokyo,run1,2,300,0.3333333333333333,39.109023772062166,-2.858458393521964,51.733333333333334,38.77569043872883,51.4,-12.624309561271168,1.0316666666666667,300.0,0.0,0.3369026077465079,0.495450090886029,0.4141870048318586,0.1325005251783219,0.403468531546778,0.3347503137002734,0.3864668740033432,0.2927370266402192,0.3978470328742083,36.965179976920695
tokyo,run1,3,300,5.0,4.0388534799356455,13.810477508083409,8.98027696181284,-0.9611465200643545,3.980276961812841,-3.0191304417484863,1.4646666666666666,15.0,-285.0,0.1599667943880771,0.0705563647096304,0.0227507737338355,0.0087141750580945,0.125961244726072,0.2029649326280346,0.0584490815463373,0.1267227469890072,0.0578961486349591,14.3967116109982
tokyo,run1,4,300,4.0,5.726598627401412,5.792318913456699,7.747035573122529,1.7265986274014118,3.7470355731225293,-2.0204369457211175,1.3099999999999998,13.99999999999999,-1.0000000000000109,0.1309292538077047,0.073328103349466,0.018651040043374,0.0125,0.1440590177584239,0.3517059112989588,0.2579007729650172,0.2338414304573603,0.2490433224535986,10.070837812493934
tokyo,run1,5,300,6.666666666666667,5.276657931415074,14.4577373488451,8.98027696181284,-1.3900087352515929,2.313610295146174,-0.923601559894581,1.4116666666666664,14.800000000000004,0.8000000000000149,0.1231501600233901,0.026346025354058,0.099698334874799,0.0426108322979385,0.0950190511921994,0.3131461345201019,0.1481884961731387,0.3615114608648079,0.4381261961841199,16.1199609430489
tokyo,run1,6,300,42.333333333333336,6.322387952545252,4.706855649464252,7.747035573122529,-36.01094538078809,-34.586297760210805,1.4246476205772822,6.787333333333332,16.0,1.1999999999999955,0.2703306145943931,0.0478580041887918,0.007999241127652,0.0353090255479878,0.3249193497380128,0.1044981581858992,0.0776087261690699,0.0972598479044205,0.3063876447971418,9.852529689643442
tokyo,run1,7,300,76.66666666666667,17.410321525455043,0.2124431292663646,8.98027696181284,-59.256345141211625,-67.68638970485384,-8.430044563642213,7.225,291.5,275.5,0.2726119339649613,0.13878424375707,0.0463701822694734,0.2496662218363939,0.4632123790663806,0.2861411314302439,0.39804327122068,0.334874090085078,0.4056066151244003,17.569653872404814
tokyo,run1,8,299,1.0033444816053512,12.808137160806227,19.63678184083354,13.514008423365684,11.804792679200876,12.510663941760333,-0.705871262559457,0.8565217391304348,360.0,68.5,0.290489538268316,0.1901127384442693,0.2778886115488331,0.2034912512761264,0.297253716070026,0.4703432592603908,0.3951550434879197,0.4058267473425724,0.4931125015924021,27.535723541431377
tokyo,run1,9,231,2.1645021645021645,3.0030948427179385,23.26787552342078,13.514008423365684,0.838592678215774,11.34950625886352,-10.510913580647747,0.5748917748917749,0.0,-360.0,0.0275690939600796,0.0720779283217212,0.0278369220715333,0.0520408897005726,0.0,0.1066533682581422,0.0182346628491393,0.078827082678894,0.1361410318691545,20.454001485283523
tokyo,run1,10,291,15.120274914089348,7.591121685135979,3.2776205474982474,7.747035573122529,-7.529153228953369,-7.373239340966819,0.15591388798655004,1.801718213058419,37.0,37.0,0.0546857245475789,0.0468731801517973,0.0105865784962037,0.0366031843626163,0.0231720331747774,0.0363398545342636,0.0,0.0373603935664374,0.2069388512190941,10.049337095759665
tokyo,run1,11,224,0.0,20.134581412126565,0.5490801892496775,13.514008423365684,20.134581412126565,13.514008423365684,6.62057298876088,0.0901785714285714,0.0,-37.0,0.2943003827769606,0.0918737901480468,0.032282379348077,0.0980881721965664,0.0869621765259872,0.2111418615266926,0.0153748629495677,0.1891202863825127,0.3158723408226795,20.546391554063824
tokyo,run1,13,188,0.0,17.8241127227395,12.22091358290888,13.514008423365684,17.8241127227395,13.514008423365684,4.3101042993738155,0.4664893617021277,0.0,0.0,0.2578984733746581,0.0838289950155708,0.0401275320760611,0.0897067393083648,0.1326442611471134,0.1332859224688239,0.0,0.208125852446902,0.3741499794704979,26.98979790992116
tokyo,run1,14,300,30.666666666666664,6.135643841862529,7.826797633912309,8.98027696181284,-24.531022824804136,-21.686389704853823,2.8446331199503128,2.714333333333334,15.0,15.0,0.1474284234433166,0.106182643797542,0.0439099030739666,0.0673081925136887,0.1599452765184267,0.1159095511955285,0.0,0.1456696048108002,0.1470755449414745,12.005742067296762
tokyo,run1,15,282,17.02127659574468,6.920812954087414,9.148899187045735,8.98027696181284,-10.100463641657267,-8.04099963393184,2.0594640077254276,2.220921985815602,140.0,125.0,0.0607390870162704,0.0399181269531685,0.0631129503599063,0.1831173741046465,0.0099669666249003,0.2058537150755536,0.0946986903058981,0.2207461436578813,0.2349681712164826,13.782487344371718
tokyo,run1,16,300,0.0,2.348020966052118,-6.151847793427458,7.747035573122529,2.348020966052118,7.747035573122529,-5.399014607070411,1.317333333333333,140.0,0.0,0.0202541777912074,0.093350258918851,0.0422500002803096,0.3470571114826792,0.0240108860093402,0.1405474650107851,0.0,0.0841414896135202,0.093005201211404,0.0
tokyo,run1,17,296,0.0,6.7664833083796285,-12.234932270563492,7.747035573122529,6.7664833083796285,7.747035573122529,-0.9805522647429008,1.068243243243243,140.0,0.0,0.097130705399068,0.1240877996830686,0.0742294431313229,0.1547200028590561,0.0324305284559183,0.2453395080973555,0.3318419413406828,0.3972997598093188,0.3942247730797271,0.0
tokyo,run1,18,263,2.6615969581749046,7.178719676921591,-11.711783180209975,7.747035573122529,4.517122718746686,5.085438614947625,-0.5683158962009394,0.9387832699619773,3.200000000000003,-136.8,0.0979260389798254,0.0736936836171086,0.0240129406088959,0.105495829120228,0.0360166495394507,0.1475975256306931,0.0860271278985034,0.1239874544437545,0.1346466545494326,0.0
tokyo,run1,19,293,10.238907849829353,9.83432310460734,-20.624942802471505,7.747035573122529,-0.4045847452220137,-2.4918722767068235,-2.08728753148481,1.8477815699658704,27.8,24.599999999999994,0.2505233234739344,0.2605225687191259,0.0643623453658779,0.08281302617452,0.0440137950477718,0.2372253420175482,0.0101394849785407,0.2111427457867457,0.2500022889220959,0.0
tokyo,run1,20,292,0.0,7.826892241530917,-20.952164141221587,7.747035573122529,7.826892241530917,7.747035573122529,0.07985666840838768,1.166095890410959,40.2,12.400000000000006,0.1318203547589115,0.2403236596511176,0.0444846084378742,0.0903068802374577,0.0437208018096709,0.0926674454142259,0.0076934349355216,0.1493472687559446,0.187503522260702,0.0
tokyo,run1,21,300,0.0,18.27335679318498,-36.31883028684263,7.747035573122529,18.27335679318498,7.747035573122529,10.526321220062451,1.3016666666666667,40.2,0.0,0.0980432960124389,0.2604624596585666,0.0737575542174264,0.2373131737135881,0.0679889619001193,0.3039865192028317,0.1279781448520676,0.3220996453727137,0.2543916172844357,0.0
tokyo,run1,22,300,36.333333333333336,24.51586568382527,-37.77132740174869,7.747035573122529,-11.817467649508064,-28.586297760210805,-16.76883011070274,2.644333333333333,40.2,0.0,0.288661833092691,0.3654810610612622,0.1702773045058911,0.4490962869436862,0.1661895520835143,0.5894426602670947,0.5872475150924374,0.6078804052920561,0.6927540697040999,0.0
tokyo,run1,23,296,0.0,20.53197351173637,-10.177849862696744,8.98027696181284,20.53197351173637,8.98027696181284,11.55169654992353,1.2625000000000002,148.2,108.0,0.3773823961343765,0.593175227854837,0.6087152357068091,0.3331603148045937,0.0513662446287421,0.631681362397424,0.6496239008262219,0.5941651694749343,0.5948220766121338,12.898586114713812
tokyo,run1,24,300,0.0,22.96024895146559,-21.49882162629681,7.747035573122529,22.96024895146559,7.747035573122529,15.213213378343061,1.225,145.6,-2.5999999999999943,0.1824063040922747,0.2010592655967889,0.1052238975394095,0.2225498100632549,0.0,0.3958431160355224,0.0,0.3608101441551784,0.2563280360360324,6.836132731742986
tokyo,run1,25,295,0.0,12.203216421266712,-32.09080264961663,7.747035573122529,12.203216421266712,7.747035573122529,4.456180848144182,1.0877966101694914,147.8,2.200000000000017,0.191465695309614,0.1917287122571239,0.0861644504730429,0.1483928882346548,0.0094902386117136,0.0749426754579452,0.0,0.0923549890377285,0.1579268694923462,0.0
tokyo,run1,26,297,0.0,11.6772051555031,-25.02691794965559,7.747035573122529,11.6772051555031,7.747035573122529,3.93016958238057,1.145117845117845,146.7,-1.1000000000000227,0.276229717188766,0.2846246004701018,0.1524693405689098,0.0875334757914826,0.0125,0.2499526201672432,0.1694657745944648,0.3394231686617662,0.4053880161431528,0.0
tokyo,run1,27,257,0.0,21.60552609397716,-29.06410049991525,7.747035573122529,21.60552609397716,7.747035573122529,13.858490520854632,0.8879377431906617,154.09999999999994,7.399999999999949,0.2221040095696417,0.32267877957484,0.0983835824947811,0.2372714238428045,0.0,0.2072598162486612,0.0,0.2311220300962026,0.2699323992721703,0.0
tokyo,run1,28,168,0.0,9.85970705722989,-16.440012511937148,7.747035573122529,9.85970705722989,7.747035573122529,2.112671484107361,0.0,58.00000000000005,-96.09999999999988,0.0500201393157417,0.1153382459297758,0.0614289951890643,0.0444279981732546,0.0,0.2718912153404349,0.0259160908631854,0.2704014844579075,0.2135525907474632,0.0
tokyo,run1,29,240,3.75,8.12027213259577,-12.785632984347028,7.747035573122529,4.370272132595771,3.9970355731225293,0.3732365594732414,0.8454166666666667,9.0,-49.00000000000005,0.0795736084715887,0.0898588523756201,0.0,0.0277665354768817,0.009231905465288,0.063261471608261,0.0101394849785407,0.0375250916396116,0.2069505928698491,0.0
tokyo,run1,30,197,5.583756345177665,19.80308895110359,-4.02699759983486,8.98027696181284,14.219332605925924,3.3965206166351756,10.822811989290749,1.0796954314720812,0.0,-9.0,0.3307314526551256,0.1771336249774027,0.042626490779278,0.0441534393320342,0.0440185531142742,0.1101464691254804,0.0075556479467826,0.0934952570643773,0.2982597218825823,16.782840751227447
tokyo,run1,31,300,0.0,21.63136087883405,13.671354243023776,33.36482888001929,21.63136087883405,33.36482888001929,-11.733468001185237,1.3086666666666666,11.0,11.0,0.5329460041314039,0.2098863105623176,0.0732845015947397,0.193034895923642,0.1093313629210822,0.2845613425243128,0.065767761127327,0.4083436045459789,0.4821122415515242,31.884876561101883
tokyo,run1,32,300,2.333333333333333,6.729409206267295,3.6466682402779855,7.747035573122529,4.396075872933962,5.413702239789196,-1.017626366855234,1.0016666666666667,11.0,0.0,0.1799763902766896,0.3460618010426021,0.3442581122551986,0.2922628966521489,0.1384620258234413,0.5276255952574012,0.1942033637379081,0.5422985408329818,0.5205668341486246,9.464410386475786
tokyo,run1,33,300,2.666666666666667,4.319359165052158,12.501730699706036,8.98027696181284,1.6526924983854911,6.313610295146174,-4.660917796760683,1.4203333333333332,14.0,3.0,0.3744833585754994,0.2980815459837875,0.3204909353801123,0.1709816897403018,0.0443306663482206,0.006167826759474,0.0310742375886597,0.025,0.1013350514027996,13.695657189831689
tokyo,run1,34,300,8.0,11.103809827068927,7.5118409889287,8.98027696181284,3.103809827068927,0.9802769618128409,2.1235328652560863,3.4403333333333337,14.0,0.0,0.3410667327250569,0.2958797247283621,0.2404378643025685,0.3864363839231031,0.3361877543627271,0.4729246656876328,0.6851009732141267,0.7207189775355436,0.6791839737715217,16.737690568765455
tokyo,run1,35,300,12.333333333333334,15.46021933353892,-9.542509644558498,7.747035573122529,3.1268860002055856,-4.586297760210805,-1.459411760005219,1.4746666666666668,38.0,24.0,0.1909655835127629,0.2546744924336646,0.2804070603761733,0.2093723650128126,0.2506380352911289,0.5292655877572481,0.5033267394783596,0.7464105960321665,0.7268937639250519,8.303337100120045
tokyo,run1,36,294,6.122448979591836,12.258072657143147,2.243500812337054,8.98027696181284,6.135623677551311,2.8578279822210044,3.2777956953303065,1.5336734693877552,75.0,37.0,0.082008891545391,0.1033286666653592,0.0723172382796723,0.0228340525954466,0.0110738397070961,0.0542321602253591,0.04280246000527,0.0671086478796304,0.2063829682361753,13.940698266395938
tokyo,run1,37,300,7.333333333333333,10.561568969818373,1.4781830653040415,8.98027696181284,3.2282356364850395,1.6469436284795078,1.5812920080055317,1.4320000000000002,109.74999999999996,34.74999999999996,0.1026416830697492,0.1171575702362715,0.0449903744109046,0.0628930328939761,0.095168124643644,0.1140145148370912,0.0,0.0496883492615012,0.1232658983694129,11.670206268796404
tokyo,run1,38,300,4.666666666666667,11.6593237467628,-1.540650812724486,7.747035573122529,6.992657080096133,3.0803689064558624,3.9122881736402704,1.3909999999999998,57.39999999999999,-52.349999999999966,0.0470060752226399,0.0291520220672144,0.0395447805092939,0.0,0.1756698638607001,0.2657005174373209,0.0588719830994076,0.3115441448717856,0.3497862103436369,10.503835637219437
tokyo,run1,39,251,1.195219123505976,10.905987896309563,7.753525277359367,8.98027696181284,9.710768772803586,7.785057838306865,1.9257109344967214,1.2462151394422312,15.0,-42.39999999999999,0.2000644941082483,0.0435121673992871,0.090214325251991,0.0524952452523322,0.1728754232921079,0.4674793495396973,0.1665529441783813,0.4602419065319315,0.4939257368180971,16.721131854329087
tokyo,run2,0,300,83.66666666666667,20.14606646457132,-9.954450523233218,7.184686653264576,-63.52060020209535,-76.4819800134021,-12.961379811306742,27.84033333333334,110.5,0.0,0.6101530438578312,0.6887556893721729,0.6983011826257653,0.5784887368260284,0.0093125,0.5542491411403974,0.0188533425670338,0.5637015346472934,0.4013276608786308,12.680228572146405
tokyo,run2,1,300,1.0,15.663470148691031,6.012099031563375,14.23382912487029,14.663470148691031,13.23382912487029,1.429641023820741,1.395333333333333,254.0,143.5,0.2200143111133394,0.2842996932422065,0.2671957733658167,0.234327606653423,0.0975258879585562,0.4705554682134624,0.2931058143046213,0.5540461656930962,0.4710604160920549,20.17254442236356
tokyo,run2,2,300,44.333333333333336,16.35526398896991,16.430744283326383,14.23382912487029,-27.978069344363426,-30.099504208463046,-2.1214348640996192,2.9320000000000004,324.7,70.69999999999999,0.5074622801111515,0.1131034831709305,0.0688795887607275,0.1416419586349755,0.2563217877120661,0.5610143824519647,0.3316514907605651,0.5984434899033441,0.4716223469420763,28.67832220146469
tokyo,run2,3,300,3.6666666666666665,12.421052633606225,22.79112253112005,14.23382912487029,8.754385966939559,10.567162458203624,-1.8127764912640654,1.163333333333333,0.0,-324.7,0.3473254352743725,0.0605193950172413,0.0678899265529539,0.0760321791243234,0.2643750445299558,0.4302203083536204,0.1550383208125627,0.4822178011810661,0.5124409894487939,29.514394531946262
tokyo,run2,4,288,2.083333333333333,5.916872823131071,-9.57401735213868,6.544372830937036,3.8335394897977384,4.461039497603703,-0.6275000078059643,1.554513888888889,3.600000000000003,3.600000000000003,0.1287648423787763,0.0401902339171598,0.053113977035014,0.1126769030194634,0.0,0.4625080273184515,0.0,0.2714663562119649,0.1725930761993305,0.0
tokyo,run2,5,300,6.333333333333334,6.273538537355032,-3.929268447612655,6.544372830937036,-0.05979479597830206,0.21103949760370178,-0.1512447016253997,1.545,5.5,1.8999999999999968,0.2320795380434891,0.0753685020709017,0.0424066347242739,0.0919215020343659,0.3225818620161626,0.3866815434132106,0.0202702702702702,0.3045939730733308,0.0920705750056011,3.3265872016455407
tokyo,run2,6,300,1.6666666666666667,16.287305494392317,3.70014850111028,14.23382912487029,14.620638827725651,12.567162458203624,2.053476369522027,1.3173333333333332,22.6,17.1,0.2803114341404003,0.2222735680147269,0.2999346416052454,0.312480425212999,0.2950881533828799,0.5489062992968751,0.6245308136017624,0.7051609712716831,0.5555781751537631,19.062416870225025
tokyo,run2,7,300,0.0,63.51669281130082,-32.009786154050104,50.59259259259259,63.51669281130082,50.59259259259259,12.924100218708233,1.21,24.900000000000013,2.300000000000012,0.5066247488447606,0.6871586941665861,0.636719182496816,0.7486280105126806,0.1265968450811654,0.7183674820239446,0.6510039291373272,0.7545313897960813,0.7589461018758283,39.509353195763246
tokyo,run2,8,300,0.0,23.450179243526613,2.821361030157937,14.23382912487029,23.450179243526613,14.23382912487029,9.216350118656322,1.065,24.0,-0.9000000000000128,0.4727205084857585,0.2675490039360617,0.3002735237372688,0.2998702282516642,0.1087458465771929,0.5249855843480989,0.6017193626478315,0.5502248126798264,0.531709201663329,25.566200016145064
tokyo,run2,9,300,0.0,73.72755044933733,-22.68948416802199,83.25,73.72755044933733,83.25,-9.522449550662671,1.1916666666666669,24.0,0.0,0.6902320626127372,0.4957240860607966,0.5624453493782258,0.6339341299268209,0.4339507065115519,0.6749394965280541,0.3704749761116807,0.7240160942299158,0.611470884102356,56.71043732332084
tokyo,run2,10,300,0.0,10.07049736706373,-8.573886167376608,6.544372830937036,10.07049736706373,6.544372830937036,3.5261245361266944,1.1390000000000002,0.0,-24.0,0.1369801393396679,0.1154470093015706,0.1502105767852191,0.1485948073152723,0.1441210162510251,0.680128424628603,0.3448795795778061,0.6625115857163423,0.6784046629206686,3.6400827415312738
tokyo,run2,11,298,2.013422818791946,6.870104693430064,-34.05910005677952,6.544372830937036,4.856681874638118,4.530950012145089,0.3257318624930292,0.8063758389261745,2.0,2.0,0.0701701825971276,0.0378013494144096,0.0524403110415488,0.0830192703592425,0.0455162748820919,0.6113924962080747,0.073062765445215,0.6409455889508487,0.4866657144825361,0.0
tokyo,run2,12,300,15.666666666666668,10.898798565354133,-21.237972404504323,6.544372830937036,-4.767868101312535,-9.122293835729632,-4.354425734417097,1.8523333333333327,16.0,14.0,0.0202553097199881,0.0451616035921052,0.0301702721794034,0.0426340044377136,0.0099526192978393,0.2194339995876627,0.0085463733650416,0.2623054150316442,0.2411026883382064,0.0
tokyo,run2,13,300,52.66666666666666,17.7437689565404,-11.588017027135434,6.544372830937036,-34.92289771012626,-46.12229383572962,-11.199396125603364,6.6593333333333335,8.5,-7.5,0.3037262941388765,0.1125256364732348,0.1453988889313884,0.0796796870843505,0.0087637435889392,0.1641390416111031,0.0352888800788918,0.1053005395866814,0.2358113489527276,9.052756186188825
tokyo,run2,14,300,87.33333333333333,85.15101219358812,-16.99862828258633,85.66666666666667,-2.1823211397452127,-1.6666666666666572,0.5156544730785555,7.157,305.5,297.0,0.600659467179023,0.4156309272126276,0.429196506253075,0.4429979041261139,0.5310369736731965,0.4673860845728274,0.4578910420217229,0.4326335039687418,0.5978151633981972,72.40204098164837
tokyo,run2,15,173,0.0,10.008819627086956,1.5300392390402726,7.184686653264576,10.008819627086956,7.184686653264576,2.8241329738223797,0.0,0.0,-305.5,0.0125,0.0831182573882313,0.1185582454527582,0.0418317215101075,0.047898925707738,0.3210770568602553,0.0355990230122129,0.241347162109313,0.3169612656206879,11.15634905636716
tokyo,run2,16,186,0.0,7.944346701688866,-9.723765703810228,6.544372830937036,7.944346701688866,6.544372830937036,1.3999738707518299,0.0,0.0,0.0,0.0,0.0110751275549173,0.0213605432577257,0.0403154697208712,0.0292388515805262,0.104788181360707,0.0167215975184179,0.2165794100471156,0.2075990217771672,0.6515224238311954
tokyo,run2,17,300,0.3333333333333333,11.473144884255207,-2.645559533880536,6.544372830937036,11.139811550921873,6.211039497603703,4.928772053318171,0.3143333333333333,0.0,0.0,0.0147424977067225,0.011006862209267,0.0110162280435179,0.011078510724403,0.0726126099212363,0.072496053504194,0.0356182944065056,0.0475544679230261,0.0720636369705998,9.488975233844805
tokyo,run2,18,300,0.0,10.233621268807646,14.77402355147687,14.23382912487029,10.233621268807646,14.23382912487029,-4.000207856062644,1.6036666666666666,1.0,1.0,0.2899678240875257,0.0329066332935805,0.0352239346108558,0.0321493824566574,0.5761071986515381,0.1353550248707699,0.1889092714834168,0.1641789421751826,0.2338680303343644,21.3141389324153
tokyo,run2,19,299,12.709030100334449,17.839959830896234,21.760142844492623,30.405405405405407,5.130929730561785,17.69637530507096,-12.565445574509173,1.851170568561873,1.0,0.0,0.4051217520566184,0.1426037578332404,0.1717024925372082,0.1702481425145199,0.3545281346287486,0.294669406214763,0.4399643234435794,0.3397074538239345,0.5103198313778174,34.1600669642657
tokyo,run2,20,300,8.333333333333332,6.195705861196916,-7.510417608609797,6.544372830937036,-2.1376274721364164,-1.7889605023962964,0.3486669697401199,0.7066666666666667,5.0,4.0,0.0158658030202856,0.0561910272656069,0.0883109633525254,0.0094072164948453,0.0194229599374293,0.2768318579064377,0.0,0.1719784355526079,0.2072995176681177,0.5628926547395684
tokyo,run2,21,267,0.0,8.112156493575167,-11.842397688029624,6.544372830937036,8.112156493575167,6.544372830937036,1.5677836626381314,0.3674157303370786,0.0,-5.0,0.0154098223986709,0.0,0.0112630107192791,0.0081521739130434,0.0,0.041672701653043,0.0,0.0280451454750477,0.1178340423699992,0.0
tokyo,run2,22,300,16.0,15.982610428197129,-5.4428744047789,7.184686653264576,-0.017389571802871373,-8.815313346735424,-8.797923774932553,9.845999999999998,0.0,0.0,0.0417137361654513,0.0199003852710923,0.0335527439921034,0.0199747502787206,0.0861571066178856,0.1839265728103837,0.146220298739871,0.1208146890095042,0.2569179450234217,11.900454624612951
tokyo,run2,23,298,100.0,16.27491839566826,21.0278112280978,14.23382912487029,-83.72508160433173,-85.76617087512972,-2.0410892707979826,30.932214765100667,198.7,198.7,0.3354169289341674,0.0090017382666997,0.0,0.0,0.3146285044866105,0.1346888762329493,0.3966228627289037,0.3442218780445157,0.3615340263310508,32.04577681674161
tokyo,run2,24,300,100.0,13.480854543578364,24.658310366755902,14.23382912487029,-86.51914545642164,-85.76617087512972,0.7529745812919231,61.946333333333335,498.5,299.8,0.4775245738893406,0.069710533410991,0.090562071301757,0.0818484287112653,0.1183595378419109,0.3364039931690411,0.3838577870517028,0.3132434115533372,0.2371729525936486,31.97458731864529
tokyo,run2,25,300,100.0,15.452183260944404,43.52888255919349,50.59259259259259,-84.54781673905559,-49.40740740740741,35.14040933164818,62.00766666666668,795.3,296.79999999999995,0.6754649849340387,0.1973255112860276,0.0908635493721882,0.1626192196305529,0.0779274783365639,0.2143231264975227,0.5238018334517304,0.2762340888635645,0.4164003077433761,48.09884518033952
tokyo,run2,26,300,96.66666666666669,13.96883580142099,48.49275345130716,56.35957933526594,-82.69783086524569,-40.307087331400744,42.39074353384495,23.68933333333333,1094.5,299.20000000000005,0.5988578829735371,0.2329835094719167,0.1053051962085071,0.3241606368919649,0.0227345626710861,0.5100907609273192,0.6415520663584522,0.6837587152327231,0.735367299933001,50.33840088990136
tokyo,run2,27,300,75.33333333333333,23.23470030774939,21.25560540913452,50.59259259259259,-52.098633025583936,-24.74074074074074,27.357892284843196,6.572,1353.6,259.10000000000014,0.2507318283301746,0.0753259993795166,0.0485669659484858,0.1622964214234325,0.0303991607455462,0.3757337907239647,0.5386999132877837,0.4425951002664787,0.4853748144804138,39.17640436460028
tokyo,run2,28,300,33.666666666666664,13.642794330283314,-10.295883731580249,6.544372830937036,-20.02387233638335,-27.12229383572963,-7.09842149934628,2.985666666666666,1533.4,179.79999999999995,0.2988125143331942,0.2106842041476825,0.1718843104286337,0.259405444099404,0.0112198795180722,0.5646063146914911,0.465552905264219,0.5245238373166413,0.4555510741182383,5.920881531598128
tokyo,run2,29,300,14.333333333333334,13.461950491468755,-22.828920446329228,6.544372830937036,-0.8713828418645786,-7.788960502396298,-6.91757766053172,1.413,1511.1,-22.299999999999955,0.1188999004314465,0.1561683852578771,0.2419426351750812,0.2882184021503794,0.0306744588767237,0.413337141442447,0.1806694390719083,0.4579478093529928,0.4004134430994627,0.0
tokyo,run2,30,151,0.0,10.19851842055929,-9.253812874633422,6.544372830937036,10.19851842055929,6.544372830937036,3.6541455896222548,1.0509933774834437,1166.8000000000002,-344.29999999999995,0.3268625682697206,0.1038000558497374,0.0896008448601148,0.1639367991195712,0.0562561087684013,0.2862278305682857,0.0975628678935197,0.3887583706921113,0.3207156957822821,3.258158764584225
tokyo,run3,0,300,83.33333333333334,82.36198764673311,-36.7966066650925,65.55555555555556,-0.9713456866002304,-17.777777777777786,-16.806432091177555,75.318,100.5,0.0,0.8334417899274598,0.9117225063728276,0.909729266574106,0.7338462050352188,0.0556144140734115,0.7462418523869061,0.0,0.705936993859985,0.857545339660474,54.76453264791373
tokyo,run3,1,300,19.33333333333333,49.07156260019311,-2.3907771386966368,62.08394309562573,29.738229266859783,42.7506097622924,-13.012380495432616,28.36566666666667,308.0,207.5,0.205988512029181,0.2643837857730419,0.3018228415492218,0.312824636895822,0.427447641238126,0.8497313039355217,0.8701777645782093,0.8305122125562316,0.8148829524985736,47.27847974617064
tokyo,run3,2,300,0.0,21.692299149850104,0.5950707616573406,12.139019476158495,21.692299149850104,12.139019476158495,9.553279673691609,1.0926666666666665,308.0,0.0,0.2329037262390142,0.2595737685563864,0.1852314134899876,0.0691327486282221,0.121679804632511,0.5384379949375087,0.3395675569853623,0.5364620083653558,0.4282541759362195,22.13860222109311
tokyo,run3,3,300,0.0,10.435082087316763,9.023115026472384,11.836909729896334,10.435082087316763,11.836909729896334,-1.4018276425795708,1.0483333333333331,308.0,0.0,0.3136352537669301,0.0693705364564917,0.0807001676236246,0.0884338119699394,0.2119026551807503,0.3068844710455326,0.0601371330054012,0.2221111776603762,0.4541027696185769,17.20241835717105
tokyo,run3,4,281,4.270462633451958,12.10254778835692,4.6979932677000384,10.839445802770985,7.832085154904963,6.5689831693190275,1.2631019855859353,1.0078291814946618,1.0,-307.0,0.102087885517689,0.0204765177281833,0.0112831498769216,0.0,0.0086518595041322,0.1179140211801297,0.0,0.1921361627809235,0.129751829107655,15.62604273913195
tokyo,run3,5,300,1.3333333333333337,9.92067540118602,-6.789552893766823,8.941387559808613,8.587342067852687,7.608054226475279,0.979287841377408,1.664,8.0,7.0,0.2834765442790153,0.4056171841311476,0.5175235952908366,0.2837964927457907,0.7091308741743421,0.112480320302739,0.0,0.1158997570521296,0.40199877125398,4.828510730860903
tokyo,run3,6,300,8.0,15.361451819395782,7.993937880731067,12.139019476158495,7.361451819395782,4.139019476158495,3.222432343237287,1.626,16.0,8.0,0.2471447023727278,0.2085875488860829,0.2502130755724099,0.1802044215653497,0.4046575007486753,0.7105608649650498,0.7282671131569419,0.5984037637829118,0.7134789252368063,21.356905229944083
tokyo,run3,7,300,87.0,5.766362737778825,-14.949500637213315,4.5100293854605855,-81.23363726222118,-82.48997061453942,-1.2563333523182365,23.53966666666667,142.9,126.9,0.2306006724049436,0.0402850294405687,0.1364485777039118,0.170291580453873,0.1647602275929706,0.2202089667190124,0.1751222700688727,0.1064395972869956,0.3868935681024864,0.0
tokyo,run3,8,300,84.66666666666667,16.33089492181276,2.8167782837378463,12.139019476158495,-68.33577174485391,-72.52764719050818,-4.1918754456542615,25.06533333333333,437.1,294.20000000000005,0.2997567944807912,0.0616171567971935,0.0863354785078264,0.1145766166478931,0.0098529411764705,0.3850884956662569,0.3487334301032676,0.4355574014565418,0.6311169795728231,18.443478634616145
tokyo,run3,9,300,0.0,11.00451949687904,-1.742625646812194,10.124917817225509,11.00451949687904,10.124917817225509,0.8796016796535309,1.202,539.0,101.89999999999998,0.1155088931595018,0.0334009124095464,0.0,0.0949106905245154,0.0102559392603477,0.4147669362980121,0.2484243034116675,0.3337940907198419,0.3700161950446292,9.697550261769894
tokyo,run3,10,217,6.451612903225806,7.596607440600231,17.539766689843393,12.139019476158495,1.1449945373744246,5.687406572932689,-4.5424120355582644,1.0423963133640552,0.0,-539.0,0.3143722197487678,0.0315339973037994,0.0606497824823733,0.0225657519939232,0.0,0.5536431731650686,0.0565960937893599,0.5480256098978651,0.5158971400223455,20.751432457982776
tokyo,run3,11,300,4.333333333333334,12.130963213839866,21.40000761527479,12.214206995846148,7.797629880506532,7.880873662512814,-0.08324378200628146,1.5439999999999998,0.0,0.0,0.2841296407455062,0.0813321295212486,0.0759326219086738,0.1494499722570993,0.0211078995643923,0.1332514921866371,0.0,0.1465418333577017,0.1849895924826557,28.180968925295964
tokyo,run3,12,300,100.0,40.78735864476769,20.598841981309565,65.55555555555556,-59.21264135523231,-34.44444444444444,24.768196910787864,13.573333333333334,163.5,163.5,0.7471048809436672,0.2372676576968942,0.1542058532706159,0.2807095855908623,0.1103626268070681,0.2880084039304745,0.4385074900757944,0.3710954563533121,0.4283733952001722,56.23649013074986
tokyo,run3,13,300,42.66666666666667,27.45143946244341,23.108793913861582,51.52374995766087,-15.215227204223261,8.857083290994197,6.358143913229064,7.135,441.0,277.5,0.6047410649196083,0.2475046885491111,0.2599019105586239,0.3514850805021389,0.0291293028183263,0.6559306402966263,0.6872201801575257,0.6069220094417221,0.6901678940952269,44.7830348978396
tokyo,run3,14,300,1.6666666666666667,12.371775324058978,-0.1392423908102569,10.839445802770985,10.705108657392312,9.17277913610432,1.532329521287993,1.3536666666666668,4.0,-437.0,0.2406762094449778,0.1198614790894211,0.2187847184031265,0.1255430026565016,0.0,0.5674139550559423,0.2936477987536581,0.4895693363473422,0.4814011751449963,12.267343530951283
tokyo,run3,15,300,0.0,16.89692318734354,-0.4424935579343533,10.839445802770985,16.89692318734354,10.839445802770985,6.057477384572554,1.1873333333333334,4.0,0.0,0.6215110412003646,0.4278275368698402,0.2816220929001455,0.3718986796811288,0.0311391350497395,0.2509101810173207,0.4238251270330316,0.2876144874247232,0.5181114526842576,16.565053018892772
tokyo,run3,16,300,0.6666666666666667,17.009856849264654,-8.778492800979068,10.124917817225509,16.343190182597986,9.458251150558842,6.884939032039144,1.587333333333333,2.0,-2.0,0.8090683982253815,0.4981440469798614,0.4654588659916033,0.4826853255345068,0.3609992964274357,0.349251867704942,0.109557921079876,0.3447772789370158,0.4611544311126695,10.425987248530353
tokyo,run3,17,300,0.0,0.0,25.31642526273623,12.139019476158495,0.0,12.139019476158495,-12.139019476158495,1.8203333333333327,2.0,0.0,0.8171090121932426,0.4834967741536857,0.4136486359690051,0.4554469682970136,0.3589145526906698,0.4768873038144776,0.6327726866194181,0.4414373986014803,0.3859405257777327,18.987318947052174
tokyo,run3,18,300,49.66666666666666,34.75986344301044,19.50573090807473,65.55555555555556,-14.906803223656219,15.8888888888889,-0.982085665232681,4.034666666666667,2.0,0.0,0.4498610442459136,0.2015611108108998,0.2081852823093539,0.1661073775127596,0.0,0.467785592014242,0.3011080849706295,0.4555467443597475,0.5463346909031858,49.38916162406649
tokyo,run3,19,300,30.333333333333336,18.772654002518017,19.89347115525033,41.14843936144865,-11.560679330815319,10.815106028115316,0.7455733027000022,10.516666666666667,181.5,179.5,0.09329763189785,0.0108212303499617,0.0,0.0319901464147283,0.0308043899511714,0.1768049410699456,0.0907966494221755,0.210264047906171,0.3489322084555681,33.69275736895576
tokyo,run3,20,300,5.666666666666666,13.52501693484512,-8.314162817071477,8.941387559808613,7.858350268178453,3.2747208931419465,4.583629375036507,1.273,3.0,-178.5,0.075493638941665,0.0113331012878524,0.0175055021429398,0.0,0.0301071424036284,0.1354726102009669,0.0147912832942867,0.0312777731572639,0.2778973527236114,7.289394822041512
tokyo,run3,21,283,2.4734982332155475,11.407105345485652,-3.890341360923988,8.941387559808613,8.933607112270105,6.467889326593065,2.4657177856770396,0.5003533568904593,0.0,-3.0,0.3793668399851778,0.1904676835614788,0.3115730944031443,0.213083165923094,0.1182667958497819,0.4152218333533838,0.1364535771205629,0.3680999785621699,0.39650914088042,8.489349324792661
tokyo,run3,22,295,0.3389830508474576,20.09935760417693,3.809189381539843,12.139019476158495,19.760374553329473,11.800036425311038,7.960338128018435,0.335593220338983,0.0,0.0,0.0917024029113239,0.0207965834746789,0.0436342646764066,0.0096906812842599,0.0,0.1053751598809436,0.0520890408447009,0.1120076914734762,0.1721101149738911,22.95624964033181
tokyo,run3,23,295,0.0,13.761151253681389,4.210946296201371,11.453878754685089,13.761151253681389,11.453878754685089,2.3072724989962996,0.86,0.0,0.0,0.1752252333988278,0.0472989729629399,0.0435554792270993,0.0,0.0095105609811492,0.0596898587538034,0.0,0.0437174636386422,0.2214778964873809,16.91936097583242
tokyo,run3,24,300,43.333333333333336,21.64332166656399,0.9039477232019606,12.139019476158495,-21.690011666769347,-31.19431385717484,-9.504302190405493,3.8436666666666666,102.0,102.0,0.2662034740395765,0.153641248063051,0.1337567861479601,0.0350487210718635,0.2773661346553441,0.1312118121596216,0.0,0.1032497327826494,0.5467594094985456,22.32128245896546
tokyo,run3,25,299,18.72909698996656,15.470476898188796,6.316734225866936,12.139019476158495,-3.2586200917777646,-6.590077513808065,-3.331457422030301,1.3999999999999997,186.0,84.0,0.3687329291361733,0.0301347404386641,0.1240252518988825,0.0860035813393837,0.2383726353739898,0.1482875366621972,0.1930698274117925,0.114474808700073,0.4758461501748412,20.208027567589
tokyo,run3,26,300,2.0,16.46319059393197,14.317558859411122,12.139019476158495,14.46319059393197,10.139019476158495,4.324171117773474,0.8283333333333334,0.0,-186.0,0.0304565513463808,0.0939223804492578,0.0685665055073404,0.0987476044165829,0.0884136828703003,0.1095644740755888,0.0,0.1147641500489889,0.1359708364924996,27.20135973849031
tokyo,run3,27,300,8.666666666666668,22.42877070464833,-6.980633767193754,11.829404626414668,13.762104037981661,3.162737959748,10.599366078233661,1.711666666666667,15.2,15.2,0.5478345490837526,0.5762066807198212,0.5710751303339973,0.1590752180925041,0.3248533313509586,0.0834112677515792,0.0087457871019047,0.0652289572575301,0.5349146688465906,17.193295379253016
tokyo,run3,28,300,1.3333333333333337,32.30778311538603,21.5750845095831,65.55555555555556,30.974449782052698,64.22222222222223,-33.24777244016953,1.221,27.8,12.599999999999998,0.8537762638900135,0.5915279456266632,0.5065680875791005,0.3285056419737167,0.3378869316290179,0.3627622907297936,0.7043322965580694,0.4443613480919038,0.6233728407616254,48.48909649757336
tokyo,run3,29,300,37.0,20.231608076598143,5.386853219678415,12.139019476158495,-16.768391923401857,-24.860980523841505,-8.092588600439647,2.8466666666666667,0.0,-27.8,0.4076423826018468,0.3476173913330231,0.3332686526088886,0.2658980258915233,0.0872060089224609,0.2517766246650685,0.3383247653143362,0.3313588870551417,0.470810974984344,24.271747991356957
tokyo,run3,30,300,0.0,18.5602639645506,-3.268691726225127,10.839445802770985,18.5602639645506,10.839445802770985,7.720818161779615,1.1926666666666668,111.0,111.0,0.3682197983618052,0.2559179794008746,0.174083860628555,0.2408655285255638,0.2815627381975705,0.4531678510537581,0.5792480094491951,0.44884151963327,0.5108419914501141,16.108745169881754
tokyo,run3,31,298,0.0,11.69441635313366,-9.459295921147444,8.941387559808613,11.69441635313366,8.941387559808613,2.753028793325047,0.5130872483221477,111.0,0.0,0.0641968460306942,0.0161800732411451,0.0120063353628435,0.0120297721410146,0.0,0.1733345784351024,0.1371485589717162,0.1775154005754486,0.2442739541586103,4.599944412273076
tokyo,run3,32,285,11.578947368421051,8.331016060405362,-0.6618580576925819,8.941387559808613,-3.247931308015689,-2.6375598086124388,0.6103714994032501,1.354035087719298,7.999999999999998,-103.0,0.0575322511630125,0.0,0.0,0.0,0.0204843222598592,0.1319675779510968,0.0,0.106516704408441,0.1564815177032888,7.834622517135925
tokyo,run3,33,300,41.333333333333336,22.77619887663264,-0.9451566926862036,12.139019476158495,-18.557134456700695,-29.19431385717484,-10.637179400474146,3.0420000000000003,19.05,11.049999999999995,0.6206427474995304,0.26964486107847,0.1923678158281855,0.062275465963587,0.2412920568991386,0.1427995801726952,0.0087457871019047,0.0476162092460587,0.4658881780072058,22.06733135711799
tokyo,run3,34,300,100.0,40.60894370216105,-2.064293418552672,41.14843936144865,-59.39105629783895,-58.85156063855135,0.5394956592876028,10.709,246.5,227.45,0.633357550967067,0.6314474619148631,0.5833931517838182,0.3325351686220004,0.4881284213877888,0.1828366158603713,0.0672283220517386,0.1452370835536425,0.4478631425617564,39.06072363824654
tokyo,run3,35,300,100.0,32.25650560130514,10.856924829254558,41.14843936144865,-67.74349439869485,-58.85156063855135,8.891933760143502,20.369,546.5,300.0,0.720220703883238,0.3394015651130485,0.3988438306781409,0.3035061870116637,0.2922185723908695,0.1436634662909501,0.3098038428627381,0.183479912094828,0.3192861837839837,40.39919922324607
tokyo,run3,36,300,71.33333333333334,42.5712405546342,35.834565179383546,93.66666666666667,-28.76209277869914,22.33333333333333,6.428759445365813,15.826666666666666,779.5,233.0,0.6415831592510657,0.1948467301611744,0.1252516708997046,0.1548982290410083,0.0429011185115396,0.2706932421634575,0.3194016887543213,0.3244081436398774,0.4333131034692081,69.44716443917186
tokyo,run3,37,300,1.6666666666666667,16.418340663866392,24.99559064978177,41.14843936144865,14.751673997199726,39.48177269478199,-24.730098697582264,1.4266666666666667,5.0,-774.5,0.1061943002114533,0.033,0.0336366026457076,0.0354474476621933,0.0087861938732689,0.2154717745727139,0.008578386156514,0.1466011639032256,0.2111604638800151,35.16503365120273
tokyo,run3,38,300,3.333333333333333,20.06254759724873,4.611444155610574,12.139019476158495,16.7292142639154,8.805686142825163,7.923528121090236,0.9106666666666666,5.0,0.0,0.0978452273244398,0.0404815714651,0.0188280038699039,0.0324086067222387,0.0816271459975403,0.1878081520579872,0.0677987205317036,0.1462148214735376,0.2708247792852021,23.521130713956666
tokyo,run3,39,300,4.0,24.73131857874332,-21.26677130519868,8.941387559808613,20.73131857874332,4.9413875598086126,15.789931018934707,1.0876666666666668,0.0,-5.0,0.1383197098782081,0.2178914339015919,0.2221989844097324,0.183618669812883,0.0559887423725935,0.2042697954829371,0.0,0.1113038504476017,0.3524195704075343,8.781240099844306
tokyo,run3,40,300,10.333333333333334,23.464071906490265,-17.57240755718949,10.124917817225509,13.13073857315693,-0.20841551610782538,12.922323057049105,4.259666666666666,2.7,2.7,0.341621717307575,0.2429093384615216,0.1717937463239095,0.2153144091869065,0.0473529411764705,0.2263731710036533,0.2051866936778867,0.249974953988402,0.4801227072793068,10.284766238598149
tokyo,run3,41,300,4.666666666666667,22.637427334606866,-1.2962482172042742,12.139019476158495,17.970760667940198,7.472352809491828,10.49840785844837,1.754666666666667,14.0,11.3,0.4429933427249578,0.3700895725975368,0.2542147095844314,0.2493428225885585,0.0778970921183911,0.315220472472646,0.0468135446260561,0.328582007597615,0.482705547471034,21.665241171703663
tokyo,run3,42,292,9.58904109589041,12.571351054133912,-2.977981301308174,10.124917817225509,2.9823099582435013,0.5358767213350983,2.446433236908403,1.8554794520547944,9.0,-5.0,0.0784345011315913,0.0423729937291062,0.0735242546893395,0.0961026472662628,0.0217032967032967,0.3138093096667491,0.0878325894044212,0.1728456068334119,0.3340234373219307,10.33786507815278
tokyo,run3,43,293,1.023890784982935,9.560954160136506,-1.0605365294224147,8.941387559808613,8.53706337515357,7.917496774825677,0.619566600327893,1.237542662116041,19.0,10.0,0.1742614476322032,0.0720286703327955,0.0972280863858873,0.0526457998592041,0.0977246367964839,0.10057799558825,0.0,0.1139232947153278,0.3779941790293334,8.765551763069695
tokyo,run3,44,300,5.333333333333334,16.06013072002843,10.79305996129062,12.139019476158495,10.726797386695095,6.805686142825161,3.921111243869934,1.555,9.79999999999999,-9.20000000000001,0.2607471543015963,0.0585304944172395,0.0951246226679265,0.0305914931052157,0.1393775814908202,0.172432644195471,0.0087786984947544,0.1185723181943047,0.321844164123238,24.154925690996397
tokyo,run3,45,300,20.666666666666668,20.09628284518496,8.582861052394502,12.139019476158495,-0.570383821481709,-8.527647190508173,-7.957263369026464,1.8663333333333327,36.39999999999999,26.6,0.1889835837850009,0.0935827406231926,0.163894592458891,0.14665757275147,0.4126318110128419,0.0989434208682259,0.0087786984947544,0.1201080456593773,0.441716864340024,26.53342863448084
tokyo,run3,46,300,43.0,19.813468060013427,39.41930399774997,65.55555555555556,-23.186531939986573,22.555555555555557,0.6309763844310154,3.355333333333333,90.1,53.7,0.3787481190448747,0.0670608341018295,0.1743476448581406,0.1544423249022774,0.8264300122618368,0.539886494874809,0.6194259337109944,0.6029670315456013,0.5558709188319183,49.377946058325904
tokyo,run3,47,300,99.33333333333331,11.523184430155982,48.51482746885399,64.75346186177917,-87.81014890317734,-34.57987147155414,53.23027743162319,58.08233333333334,355.7,265.6,0.2085403771789109,0.045228172838439,0.1104336189604356,0.0228866732574795,0.0178433894331597,0.5401933026449744,0.2585808361341825,0.5687680686162311,0.5340776215822632,47.90930503179647
tokyo,run3,48,280,44.285714285714285,12.490692351286382,27.62204688059981,41.14843936144865,-31.7950219344279,-3.1372749242656326,28.657747010162268,47.8175,10.0,-345.7,0.072987309939193,0.0206248555075734,0.0111921798788658,0.0,0.0,0.378908160743841,0.0284972243451809,0.3469326789094049,0.4109146532428001,33.20722751173624
tokyo,run3,49,300,1.3333333333333337,16.598581036749753,8.18673799895455,12.139019476158495,15.265247703416419,10.805686142825161,4.459561560591258,1.3473333333333333,11.800000000000004,1.8000000000000045,0.2983486938784555,0.2316510010742855,0.0953836778223553,0.0550772731607777,0.0,0.0796671305046408,0.0,0.1018487079531489,0.2208346052925415,22.738634535965662
tokyo,run3,50,300,0.0,17.72380762868654,14.429170472932917,12.316662971263398,17.72380762868654,12.316662971263398,5.407144657423142,1.161333333333333,9.000000000000007,-2.799999999999997,0.2520554274140787,0.1131154765329467,0.0519551897087049,0.0567748615416183,0.0573636798241778,0.3550638363478252,0.2185511425900323,0.3970942076335368,0.4733062252021233,28.545685483386222
