city,run,variant,ppc_pct,pass_m,total_m,n_gated
tokyo,run1,base,57.180740,5899.8767,10317.9439,7894
tokyo,run1,r15ga,57.196062,5901.4576,10317.9439,7915
tokyo,run1,r20ga,57.239801,5905.9705,10317.9439,7914
tokyo,run1,psig1,57.032329,5884.5637,10317.9439,7908
tokyo,run1,psig2,57.180740,5899.8767,10317.9439,7894
tokyo,run1,psig05,57.180740,5899.8767,10317.9439,7894
tokyo,run1,psig3,57.180740,5899.8767,10317.9439,7894
tokyo,run1,holdrlx,56.913608,5872.3142,10317.9439,7928
tokyo,run1,holdvrlx,57.180740,5899.8767,10317.9439,7894
tokyo,run1,psig1_holdrlx,57.180740,5899.8767,10317.9439,7894
tokyo,run1,csig1,57.169583,5898.7255,10317.9439,7899
tokyo,run1,minobs6,57.180740,5899.8767,10317.9439,7894
tokyo,run1,nobds,57.180740,5899.8767,10317.9439,7894
tokyo,run1,em10,57.162228,5897.9666,10317.9439,7898
tokyo,run1,r12ga,57.180740,5899.8767,10317.9439,7894
tokyo,run1,noglo,57.180740,5899.8767,10317.9439,7894
tokyo,run1,csig05,57.180740,5899.8767,10317.9439,7894
tokyo,run1,arfilt,57.180740,5899.8767,10317.9439,7894
tokyo,run1,rout30,57.180740,5899.8767,10317.9439,7894
tokyo,run1,rout20,57.180740,5899.8767,10317.9439,7896
tokyo,run1,rout100,57.180740,5899.8767,10317.9439,7894
tokyo,run1,mb5k,57.180740,5899.8767,10317.9439,7894
tokyo,run1,minar5,57.180740,5899.8767,10317.9439,7894
tokyo,run1,csig05_psig1,57.071146,5888.5689,10317.9439,7906
tokyo,run1,csig05_holdrlx,57.180740,5899.8767,10317.9439,7894
tokyo,run1,csig01,57.154395,5897.1584,10317.9439,7896
tokyo,run1,csig05_nobds,57.180740,5899.8767,10317.9439,7894
tokyo,run1,csig05_psig1_holdrlx,57.180740,5899.8767,10317.9439,7894
tokyo,run1,csig05_holdvrlx,57.180740,5899.8767,10317.9439,7894
tokyo,run1,csig05_em10,57.180740,5899.8767,10317.9439,7894
tokyo,run1,csig01_holdrlx,57.180740,5899.8767,10317.9439,7894
tokyo,run1,csig05_psig1_holdvrlx,57.180740,5899.8767,10317.9439,7894
tokyo,run1,csig01_psig1_holdrlx,57.180740,5899.8767,10317.9439,7898
tokyo,run1,csig05_holdrlx_em10,57.180740,5899.8767,10317.9439,7898
tokyo,run1,psig1_holdvrlx,56.968312,5877.9585,10317.9439,7947
tokyo,run1,csig05_nobds_holdrlx,57.180740,5899.8767,10317.9439,7894
tokyo,run1,csig01_holdvrlx,57.142300,5895.9105,10317.9439,7901
tokyo,run1,csig005,57.173137,5899.0922,10317.9439,7896
tokyo,run1,csig01_nobds,57.154395,5897.1584,10317.9439,7894
tokyo,run1,nobds_holdrlx,57.090504,5890.5662,10317.9439,7951
tokyo,run1,csig01_psig1,57.180740,5899.8767,10317.9439,7899
tokyo,run1,csig005_holdrlx,57.180740,5899.8767,10317.9439,7894
tokyo,run1,csig005_psig1,57.180740,5899.8767,10317.9439,7897
tokyo,run1,csig005_nobds,57.125798,5894.2078,10317.9439,7897
tokyo,run1,csig005_em10,57.179215,5899.7193,10317.9439,7896
tokyo,run1,csig0001,57.180740,5899.8767,10317.9439,7897
tokyo,run1,csig00005,57.187933,5900.6188,10317.9439,7896
tokyo,run1,nopostflt,57.180740,5899.8767,10317.9439,7894
tokyo,run1,csig05_nopostflt,57.180740,5899.8767,10317.9439,7894
tokyo,run1,csig005_nopostflt,57.173137,5899.0922,10317.9439,7896
tokyo,run1,iono_iflc,54.396533,5612.6038,10317.9439,7907
tokyo,run1,csig005_holdvrlx,57.190286,5900.8616,10317.9439,7902
tokyo,run1,csig005_psig1_holdrlx,57.180740,5899.8767,10317.9439,7898
tokyo,run1,csig005_glonassar,57.180740,5899.8767,10317.9439,7894
tokyo,run1,csig005_psig1_holdvrlx,57.180740,5899.8767,10317.9439,7899
tokyo,run1,noarfilt,57.180740,5899.8767,10317.9439,7894
tokyo,run1,csig05_noarfilt,57.180740,5899.8767,10317.9439,7894
tokyo,run1,r05,57.180740,5899.8767,10317.9439,7894
tokyo,run1,r08,57.180740,5899.8767,10317.9439,7894
tokyo,run1,r10,57.180740,5899.8767,10317.9439,7894
tokyo,run1,csig05_r10,57.180740,5899.8767,10317.9439,7894
tokyo,run1,csig005_r10,57.168490,5898.6127,10317.9439,7895
tokyo,run1,csig005_minar3,57.180740,5899.8767,10317.9439,7894
tokyo,run1,mb1k,57.180740,5899.8767,10317.9439,7894
tokyo,run1,mb50k,57.180740,5899.8767,10317.9439,7894
tokyo,run1,modeauto,57.180740,5899.8767,10317.9439,7894
tokyo,run1,modestatic,56.627137,5842.7562,10317.9439,7927
tokyo,run1,onlyG,57.180740,5899.8767,10317.9439,7894
tokyo,run1,psig01,57.024066,5883.7111,10317.9439,7932
tokyo,run1,psig005,56.547451,5834.5343,10317.9439,7939
tokyo,run1,csig005_psig01,57.180740,5899.8767,10317.9439,7895
tokyo,run1,onlyG_holdrlx,57.119585,5893.5667,10317.9439,7935
tokyo,run1,onlyG_csig05,57.180740,5899.8767,10317.9439,7894
tokyo,run1,onlyG_csig005,57.109972,5892.5749,10317.9439,7894
tokyo,run1,onlyG_psig1,56.987013,5879.8880,10317.9439,7906
tokyo,run1,onlyG_holdvrlx,56.072581,5785.5375,10317.9439,7971
tokyo,run1,onlyG_r05,57.180740,5899.8767,10317.9439,7894
tokyo,run1,onlyG_csig01,57.137143,5895.3783,10317.9439,7895
tokyo,run1,onlyG_em10,57.177972,5899.5911,10317.9439,7897
tokyo,run1,onlyG_psig1_csig05,57.062193,5887.6451,10317.9439,7908
tokyo,run1,onlyG_psig1_holdrlx,57.180740,5899.8767,10317.9439,7894
tokyo,run1,oGc005hr,57.197454,5901.6012,10317.9439,7894
tokyo,run1,oGc005p1,57.180740,5899.8767,10317.9439,7894
tokyo,run1,oGc005p1hr,57.284022,5910.5332,10317.9439,7929
tokyo,run1,oGc01p1,57.059155,5887.3316,10317.9439,7900
tokyo,run1,c005p1,57.180740,5899.8767,10317.9439,7894
tokyo,run1,c005p1hr,57.256486,5907.6921,10317.9439,7915
tokyo,run1,arfm05,57.180740,5899.8767,10317.9439,7894
tokyo,run1,prsurv,57.183473,5900.1586,10317.9439,7895
tokyo,run1,oGc0001p1,57.180740,5899.8767,10317.9439,7894
tokyo,run1,oGc00005p1,57.180740,5899.8767,10317.9439,7894
tokyo,run1,oGc005p05,57.051834,5886.5762,10317.9439,7909
tokyo,run1,oGc005p2,57.230652,5905.0266,10317.9439,7897
tokyo,run1,oGc005p1ar3,57.180740,5899.8767,10317.9439,7894
tokyo,run1,nobdsc005p1,57.184387,5900.2530,10317.9439,7894
tokyo,run1,ratio12,57.180740,5899.8767,10317.9439,7894
tokyo,run1,ratio12oG,57.180740,5899.8767,10317.9439,7894
tokyo,run1,mlc2,57.180740,5899.8767,10317.9439,7894
tokyo,run1,mlc2oG,57.180740,5899.8767,10317.9439,7894
tokyo,run1,em5,57.187071,5900.5299,10317.9439,7905
tokyo,run1,ionest,57.180740,5899.8767,10317.9439,7894
tokyo,run1,em3,57.162228,5897.9666,10317.9439,7898
tokyo,run1,em7,57.162228,5897.9666,10317.9439,7898
tokyo,run1,em5oG,57.177972,5899.5911,10317.9439,7897
tokyo,run1,em5c005p1,57.180740,5899.8767,10317.9439,7894
tokyo,run1,mlc1oG,57.180740,5899.8767,10317.9439,7894
tokyo,run1,em5mlc2oG,57.177972,5899.5911,10317.9439,7897
tokyo,run1,mlc1,57.185195,5900.3364,10317.9439,7894
tokyo,run1,mlc1oGc005,57.180740,5899.8767,10317.9439,7894
tokyo,run1,mlc1oGp1,57.077356,5889.2095,10317.9439,7935
tokyo,run1,mlc1oGc005p1,57.180740,5899.8767,10317.9439,7894
tokyo,run1,em3oG,57.218024,5903.7236,10317.9439,7903
tokyo,run1,em3mlc1oG,57.056932,5887.1023,10317.9439,7896
tokyo,run1,mlc1c005p1,57.184387,5900.2530,10317.9439,7894
tokyo,run1,mlc1oGc0001,57.158940,5897.6273,10317.9439,7898
tokyo,run1,mlc1oGc005em3,57.180740,5899.8767,10317.9439,7894
tokyo,run1,mlc1oGc005r12,57.180740,5899.8767,10317.9439,7894
tokyo,run1,mlc0oG,57.180740,5899.8767,10317.9439,7894
tokyo,run1,mlc1nobds,57.180740,5899.8767,10317.9439,7894
tokyo,run1,mlc0,57.180740,5899.8767,10317.9439,7894
tokyo,run1,mlc1c005,57.199845,5901.8479,10317.9439,7894
tokyo,run1,mlc1r10,57.185403,5900.3578,10317.9439,7900
tokyo,run1,mlc1psig005,56.624135,5842.4464,10317.9439,7939
tokyo,run1,mlc1c005r10,57.211436,5903.0439,10317.9439,7897
tokyo,run1,mlc2nobds,57.180740,5899.8767,10317.9439,7894
tokyo,run1,all_psig,57.032329,5884.5637,10317.9439,7908
tokyo,run1,all_hold,56.913608,5872.3142,10317.9439,7928
tokyo,run1,all_new,57.169583,5898.7255,10317.9439,7899
tokyo,run2,base,84.181720,6022.9181,7154.6627,7999
tokyo,run2,r15ga,84.240779,6027.1436,7154.6627,8033
tokyo,run2,r20ga,84.211361,6025.0389,7154.6627,8033
tokyo,run2,psig1,84.137878,6019.7813,7154.6627,8009
tokyo,run2,psig2,84.181720,6022.9181,7154.6627,7999
tokyo,run2,psig05,84.181720,6022.9181,7154.6627,7999
tokyo,run2,psig3,84.181720,6022.9181,7154.6627,7999
tokyo,run2,holdrlx,81.546013,5834.3422,7154.6627,8134
tokyo,run2,holdvrlx,84.181720,6022.9181,7154.6627,7999
tokyo,run2,psig1_holdrlx,84.181720,6022.9181,7154.6627,7999
tokyo,run2,csig1,84.181720,6022.9181,7154.6627,7999
tokyo,run2,minobs6,84.181720,6022.9181,7154.6627,7999
tokyo,run2,nobds,84.181720,6022.9181,7154.6627,7999
tokyo,run2,em10,84.181720,6022.9181,7154.6627,8004
tokyo,run2,r12ga,84.181720,6022.9181,7154.6627,7999
tokyo,run2,noglo,84.181720,6022.9181,7154.6627,7999
tokyo,run2,csig05,84.181720,6022.9181,7154.6627,7999
tokyo,run2,arfilt,84.181720,6022.9181,7154.6627,7999
tokyo,run2,rout30,84.181720,6022.9181,7154.6627,7999
tokyo,run2,rout20,84.181720,6022.9181,7154.6627,7999
tokyo,run2,rout100,84.181720,6022.9181,7154.6627,7999
tokyo,run2,mb5k,84.181720,6022.9181,7154.6627,7999
tokyo,run2,minar5,84.181720,6022.9181,7154.6627,7999
tokyo,run2,csig05_psig1,84.181720,6022.9181,7154.6627,7999
tokyo,run2,csig05_holdrlx,84.181720,6022.9181,7154.6627,7999
tokyo,run2,csig01,84.181720,6022.9181,7154.6627,7999
tokyo,run2,csig05_nobds,84.181720,6022.9181,7154.6627,7999
tokyo,run2,csig05_psig1_holdrlx,84.181720,6022.9181,7154.6627,7999
tokyo,run2,csig05_holdvrlx,84.181720,6022.9181,7154.6627,7999
tokyo,run2,csig05_em10,84.181720,6022.9181,7154.6627,7999
tokyo,run2,csig01_holdrlx,84.181720,6022.9181,7154.6627,7999
tokyo,run2,csig05_psig1_holdvrlx,84.181720,6022.9181,7154.6627,7999
tokyo,run2,csig01_psig1_holdrlx,84.181720,6022.9181,7154.6627,7999
tokyo,run2,csig05_holdrlx_em10,84.181720,6022.9181,7154.6627,7999
tokyo,run2,psig1_holdvrlx,84.181720,6022.9181,7154.6627,7999
tokyo,run2,csig05_nobds_holdrlx,84.181720,6022.9181,7154.6627,7999
tokyo,run2,csig01_holdvrlx,84.181720,6022.9181,7154.6627,7999
tokyo,run2,csig005,84.181720,6022.9181,7154.6627,7999
tokyo,run2,csig01_nobds,84.181720,6022.9181,7154.6627,7999
tokyo,run2,nobds_holdrlx,84.181720,6022.9181,7154.6627,7999
tokyo,run2,csig01_psig1,84.181720,6022.9181,7154.6627,7999
tokyo,run2,csig005_holdrlx,84.181720,6022.9181,7154.6627,7999
tokyo,run2,csig005_psig1,84.181720,6022.9181,7154.6627,7999
tokyo,run2,csig005_nobds,84.181720,6022.9181,7154.6627,7999
tokyo,run2,csig005_em10,84.181720,6022.9181,7154.6627,7999
tokyo,run2,csig0001,84.181720,6022.9181,7154.6627,7999
tokyo,run2,csig00005,84.181720,6022.9181,7154.6627,7999
tokyo,run2,nopostflt,84.181720,6022.9181,7154.6627,7999
tokyo,run2,csig05_nopostflt,84.181720,6022.9181,7154.6627,7999
tokyo,run2,csig005_nopostflt,84.181720,6022.9181,7154.6627,7999
tokyo,run2,iono_iflc,84.181720,6022.9181,7154.6627,7999
tokyo,run2,csig005_holdvrlx,84.181720,6022.9181,7154.6627,7999
tokyo,run2,csig005_psig1_holdrlx,84.181720,6022.9181,7154.6627,7999
tokyo,run2,csig005_glonassar,84.181720,6022.9181,7154.6627,7999
tokyo,run2,csig005_psig1_holdvrlx,84.181720,6022.9181,7154.6627,7999
tokyo,run2,noarfilt,84.181720,6022.9181,7154.6627,7999
tokyo,run2,csig05_noarfilt,84.181720,6022.9181,7154.6627,7999
tokyo,run2,r05,84.181720,6022.9181,7154.6627,7999
tokyo,run2,r08,84.181720,6022.9181,7154.6627,7999
tokyo,run2,r10,84.181720,6022.9181,7154.6627,7999
tokyo,run2,csig05_r10,84.181720,6022.9181,7154.6627,7999
tokyo,run2,csig005_r10,84.181720,6022.9181,7154.6627,7999
tokyo,run2,csig005_minar3,84.181720,6022.9181,7154.6627,7999
tokyo,run2,mb1k,84.181720,6022.9181,7154.6627,7999
tokyo,run2,mb50k,84.181720,6022.9181,7154.6627,7999
tokyo,run2,modeauto,84.181720,6022.9181,7154.6627,7999
tokyo,run2,modestatic,84.181720,6022.9181,7154.6627,7999
tokyo,run2,onlyG,84.181720,6022.9181,7154.6627,7999
tokyo,run2,psig01,84.181720,6022.9181,7154.6627,7999
tokyo,run2,psig005,84.181720,6022.9181,7154.6627,7999
tokyo,run2,csig005_psig01,84.181720,6022.9181,7154.6627,7999
tokyo,run2,onlyG_holdrlx,84.181720,6022.9181,7154.6627,7999
tokyo,run2,onlyG_csig05,84.181720,6022.9181,7154.6627,7999
tokyo,run2,onlyG_csig005,84.181720,6022.9181,7154.6627,7999
tokyo,run2,onlyG_psig1,84.181720,6022.9181,7154.6627,7999
tokyo,run2,onlyG_holdvrlx,84.181720,6022.9181,7154.6627,7999
tokyo,run2,onlyG_r05,84.181720,6022.9181,7154.6627,7999
tokyo,run2,onlyG_csig01,84.181720,6022.9181,7154.6627,7999
tokyo,run2,onlyG_em10,84.181720,6022.9181,7154.6627,7999
tokyo,run2,onlyG_psig1_csig05,84.181720,6022.9181,7154.6627,7999
tokyo,run2,onlyG_psig1_holdrlx,84.181720,6022.9181,7154.6627,7999
tokyo,run2,oGc005hr,83.543023,5977.2215,7154.6627,8048
tokyo,run2,oGc005p1,84.181720,6022.9181,7154.6627,7999
tokyo,run2,oGc005p1hr,83.340453,5962.7283,7154.6627,8051
tokyo,run2,oGc01p1,84.181720,6022.9181,7154.6627,7999
tokyo,run2,c005p1,84.181720,6022.9181,7154.6627,7999
tokyo,run2,c005p1hr,83.289258,5959.0655,7154.6627,8066
tokyo,run2,arfm05,84.181720,6022.9181,7154.6627,7999
tokyo,run2,prsurv,84.181720,6022.9181,7154.6627,8002
tokyo,run2,oGc0001p1,84.181720,6022.9181,7154.6627,7999
tokyo,run2,oGc00005p1,84.115203,6018.1591,7154.6627,8111
tokyo,run2,oGc005p05,84.230388,6026.4001,7154.6627,8006
tokyo,run2,oGc005p2,84.154085,6020.9409,7154.6627,8001
tokyo,run2,oGc005p1ar3,84.181720,6022.9181,7154.6627,7999
tokyo,run2,nobdsc005p1,84.181720,6022.9181,7154.6627,8000
tokyo,run2,ratio12,84.181720,6022.9181,7154.6627,8011
tokyo,run2,ratio12oG,84.130190,6019.2313,7154.6627,8008
tokyo,run2,mlc2,84.099456,6017.0324,7154.6627,8009
tokyo,run2,mlc2oG,84.115719,6018.1960,7154.6627,8006
tokyo,run2,em5,84.181720,6022.9181,7154.6627,7999
tokyo,run2,ionest,84.181720,6022.9181,7154.6627,7999
tokyo,run2,em3,84.181720,6022.9181,7154.6627,8004
tokyo,run2,em7,84.181720,6022.9181,7154.6627,8004
tokyo,run2,em5oG,84.130190,6019.2313,7154.6627,8005
tokyo,run2,em5c005p1,84.159297,6021.3138,7154.6627,8004
tokyo,run2,mlc1oG,84.181720,6022.9181,7154.6627,7999
tokyo,run2,em5mlc2oG,84.121392,6018.6018,7154.6627,8016
tokyo,run2,mlc1,84.181720,6022.9181,7154.6627,8011
tokyo,run2,mlc1oGc005,84.181720,6022.9181,7154.6627,7999
tokyo,run2,mlc1oGp1,84.207478,6024.7610,7154.6627,8090
tokyo,run2,mlc1oGc005p1,84.181720,6022.9181,7154.6627,7999
tokyo,run2,em3oG,84.136392,6019.6751,7154.6627,7999
tokyo,run2,em3mlc1oG,84.167036,6021.8675,7154.6627,8006
tokyo,run2,mlc1c005p1,84.181720,6022.9181,7154.6627,8012
tokyo,run2,mlc1oGc0001,84.087705,6016.1917,7154.6627,8047
tokyo,run2,mlc1oGc005em3,84.171843,6022.2115,7154.6627,8022
tokyo,run2,mlc1oGc005r12,84.154381,6020.9621,7154.6627,8002
tokyo,run2,mlc0oG,84.181720,6022.9181,7154.6627,7999
tokyo,run2,mlc1nobds,84.181720,6022.9181,7154.6627,8006
tokyo,run2,mlc0,84.181720,6022.9181,7154.6627,7999
tokyo,run2,mlc1c005,84.181720,6022.9181,7154.6627,8016
tokyo,run2,mlc1r10,84.168936,6022.0034,7154.6627,8037
tokyo,run2,mlc1psig005,84.171052,6022.1548,7154.6627,8093
tokyo,run2,mlc1c005r10,84.202570,6024.4099,7154.6627,8018
tokyo,run2,mlc2nobds,84.076898,6015.4185,7154.6627,8008
tokyo,run2,all_psig,84.137878,6019.7813,7154.6627,8009
tokyo,run2,all_hold,81.546013,5834.3422,7154.6627,8134
tokyo,run2,all_new,84.181720,6022.9181,7154.6627,7999
tokyo,run3,base,79.541634,12984.2299,16323.8159,14702
tokyo,run3,r15ga,79.541634,12984.2299,16323.8159,14702
tokyo,run3,r20ga,79.541634,12984.2299,16323.8159,14702
tokyo,run3,psig1,79.541634,12984.2299,16323.8159,14702
tokyo,run3,psig2,79.541634,12984.2299,16323.8159,14702
tokyo,run3,psig05,79.525604,12981.6132,16323.8159,14702
tokyo,run3,psig3,79.491492,12976.0449,16323.8159,14702
tokyo,run3,holdrlx,79.541634,12984.2299,16323.8159,14702
tokyo,run3,holdvrlx,79.127974,12916.7048,16323.8159,14706
tokyo,run3,psig1_holdrlx,79.541634,12984.2299,16323.8159,14702
tokyo,run3,csig1,79.541634,12984.2299,16323.8159,14702
tokyo,run3,minobs6,79.541634,12984.2299,16323.8159,14702
tokyo,run3,nobds,79.541634,12984.2299,16323.8159,14702
tokyo,run3,em10,79.541634,12984.2299,16323.8159,14702
tokyo,run3,r12ga,79.541634,12984.2299,16323.8159,14702
tokyo,run3,noglo,79.541634,12984.2299,16323.8159,14702
tokyo,run3,csig05,79.541634,12984.2299,16323.8159,14702
tokyo,run3,arfilt,79.541634,12984.2299,16323.8159,14702
tokyo,run3,rout30,79.541634,12984.2299,16323.8159,14702
tokyo,run3,rout20,79.541292,12984.1740,16323.8159,14702
tokyo,run3,rout100,79.541634,12984.2299,16323.8159,14702
tokyo,run3,mb5k,79.541634,12984.2299,16323.8159,14702
tokyo,run3,minar5,79.541634,12984.2299,16323.8159,14702
tokyo,run3,csig05_psig1,79.541634,12984.2299,16323.8159,14702
tokyo,run3,csig05_holdrlx,79.541634,12984.2299,16323.8159,14702
tokyo,run3,csig01,79.541634,12984.2299,16323.8159,14702
tokyo,run3,csig05_nobds,79.541634,12984.2299,16323.8159,14702
tokyo,run3,csig05_psig1_holdrlx,79.541634,12984.2299,16323.8159,14702
tokyo,run3,csig05_holdvrlx,79.541634,12984.2299,16323.8159,14702
tokyo,run3,csig05_em10,79.541634,12984.2299,16323.8159,14702
tokyo,run3,csig01_holdrlx,79.541634,12984.2299,16323.8159,14702
tokyo,run3,csig05_psig1_holdvrlx,79.511447,12979.3023,16323.8159,14703
tokyo,run3,csig01_psig1_holdrlx,79.541634,12984.2299,16323.8159,14702
tokyo,run3,csig05_holdrlx_em10,79.541634,12984.2299,16323.8159,14702
tokyo,run3,psig1_holdvrlx,79.405244,12961.9659,16323.8159,14704
tokyo,run3,csig05_nobds_holdrlx,79.526921,12981.8282,16323.8159,14702
tokyo,run3,csig01_holdvrlx,79.545082,12984.7928,16323.8159,14717
tokyo,run3,csig005,79.524848,12981.4897,16323.8159,14702
tokyo,run3,csig01_nobds,79.541634,12984.2299,16323.8159,14703
tokyo,run3,nobds_holdrlx,79.392729,12959.9230,16323.8159,14702
tokyo,run3,csig01_psig1,79.541634,12984.2299,16323.8159,14707
tokyo,run3,csig005_holdrlx,79.444974,12968.4514,16323.8159,14712
tokyo,run3,csig005_psig1,79.512390,12979.4562,16323.8159,14703
tokyo,run3,csig005_nobds,79.531038,12982.5002,16323.8159,14702
tokyo,run3,csig005_em10,79.547120,12985.1255,16323.8159,14705
tokyo,run3,csig0001,79.541634,12984.2299,16323.8159,14702
tokyo,run3,csig00005,79.541634,12984.2299,16323.8159,14702
tokyo,run3,nopostflt,79.541634,12984.2299,16323.8159,14702
tokyo,run3,csig05_nopostflt,79.541634,12984.2299,16323.8159,14702
tokyo,run3,csig005_nopostflt,79.524848,12981.4897,16323.8159,14702
tokyo,run3,iono_iflc,59.293436,9678.9513,16323.8159,14719
tokyo,run3,csig005_holdvrlx,79.506497,12978.4942,16323.8159,14705
tokyo,run3,csig005_psig1_holdrlx,79.552556,12986.0128,16323.8159,14703
tokyo,run3,csig005_glonassar,79.541634,12984.2299,16323.8159,14702
tokyo,run3,csig005_psig1_holdvrlx,79.458592,12970.6744,16323.8159,14711
tokyo,run3,noarfilt,79.541634,12984.2299,16323.8159,14702
tokyo,run3,csig05_noarfilt,79.541634,12984.2299,16323.8159,14702
tokyo,run3,r05,79.541634,12984.2299,16323.8159,14702
tokyo,run3,r08,79.541634,12984.2299,16323.8159,14707
tokyo,run3,r10,79.541634,12984.2299,16323.8159,14707
tokyo,run3,csig05_r10,79.548731,12985.3884,16323.8159,14708
tokyo,run3,csig005_r10,79.534015,12982.9863,16323.8159,14708
tokyo,run3,csig005_minar3,79.541634,12984.2299,16323.8159,14702
tokyo,run3,mb1k,79.541634,12984.2299,16323.8159,14702
tokyo,run3,mb50k,79.541634,12984.2299,16323.8159,14702
tokyo,run3,modeauto,79.541634,12984.2299,16323.8159,14702
tokyo,run3,modestatic,62.493536,10201.3298,16323.8159,14704
tokyo,run3,onlyG,79.541634,12984.2299,16323.8159,14702
tokyo,run3,psig01,79.479203,12974.0388,16323.8159,14703
tokyo,run3,psig005,79.451888,12969.5800,16323.8159,14703
tokyo,run3,csig005_psig01,79.526467,12981.7541,16323.8159,14702
tokyo,run3,onlyG_holdrlx,79.354938,12953.7540,16323.8159,14702
tokyo,run3,onlyG_csig05,79.526098,12981.6938,16323.8159,14702
tokyo,run3,onlyG_csig005,79.539201,12983.8328,16323.8159,14702
tokyo,run3,onlyG_psig1,79.526131,12981.6992,16323.8159,14702
tokyo,run3,onlyG_holdvrlx,79.122289,12915.7769,16323.8159,14705
tokyo,run3,onlyG_r05,79.541634,12984.2299,16323.8159,14702
tokyo,run3,onlyG_csig01,79.539443,12983.8722,16323.8159,14703
tokyo,run3,onlyG_em10,79.541634,12984.2299,16323.8159,14702
tokyo,run3,onlyG_psig1_csig05,79.537401,12983.5390,16323.8159,14703
tokyo,run3,onlyG_psig1_holdrlx,79.481096,12974.3477,16323.8159,14702
tokyo,run3,oGc005hr,79.513609,12979.6552,16323.8159,14702
tokyo,run3,oGc005p1,79.500824,12977.5682,16323.8159,14703
tokyo,run3,oGc005p1hr,79.510365,12979.1257,16323.8159,14702
tokyo,run3,oGc01p1,79.541634,12984.2299,16323.8159,14702
tokyo,run3,c005p1,79.470479,12972.6148,16323.8159,14703
tokyo,run3,c005p1hr,79.524032,12981.3566,16323.8159,14702
tokyo,run3,arfm05,79.541634,12984.2299,16323.8159,14702
tokyo,run3,prsurv,79.532271,12982.7015,16323.8159,14702
tokyo,run3,oGc0001p1,79.486463,12975.2238,16323.8159,14704
tokyo,run3,oGc00005p1,79.524276,12981.3964,16323.8159,14702
tokyo,run3,oGc005p05,79.515917,12980.0320,16323.8159,14702
tokyo,run3,oGc005p2,79.531906,12982.6420,16323.8159,14702
tokyo,run3,oGc005p1ar3,79.541634,12984.2299,16323.8159,14702
tokyo,run3,nobdsc005p1,79.500824,12977.5682,16323.8159,14703
tokyo,run3,ratio12,79.541634,12984.2299,16323.8159,14702
tokyo,run3,ratio12oG,79.541634,12984.2299,16323.8159,14702
tokyo,run3,mlc2,79.527331,12981.8951,16323.8159,14703
tokyo,run3,mlc2oG,79.541634,12984.2299,16323.8159,14702
tokyo,run3,em5,79.516921,12980.1958,16323.8159,14702
tokyo,run3,ionest,79.541634,12984.2299,16323.8159,14702
tokyo,run3,em3,79.541634,12984.2299,16323.8159,14702
tokyo,run3,em7,79.541634,12984.2299,16323.8159,14702
tokyo,run3,em5oG,79.541634,12984.2299,16323.8159,14702
tokyo,run3,em5c005p1,79.490591,12975.8977,16323.8159,14703
tokyo,run3,mlc1oG,79.541634,12984.2299,16323.8159,14702
tokyo,run3,em5mlc2oG,79.541634,12984.2299,16323.8159,14702
tokyo,run3,mlc1,79.527509,12981.9242,16323.8159,14705
tokyo,run3,mlc1oGc005,79.541634,12984.2299,16323.8159,14702
tokyo,run3,mlc1oGp1,79.522537,12981.1126,16323.8159,14721
tokyo,run3,mlc1oGc005p1,79.541634,12984.2299,16323.8159,14702
tokyo,run3,em3oG,79.503012,12977.9254,16323.8159,14702
tokyo,run3,em3mlc1oG,79.541634,12984.2299,16323.8159,14702
tokyo,run3,mlc1c005p1,79.511289,12979.2764,16323.8159,14704
tokyo,run3,mlc1oGc0001,79.524700,12981.4657,16323.8159,14711
tokyo,run3,mlc1oGc005em3,79.541634,12984.2299,16323.8159,14702
tokyo,run3,mlc1oGc005r12,79.541634,12984.2299,16323.8159,14702
tokyo,run3,mlc0oG,79.541634,12984.2299,16323.8159,14702
tokyo,run3,mlc1nobds,79.541634,12984.2299,16323.8159,14705
tokyo,run3,mlc0,79.541634,12984.2299,16323.8159,14702
tokyo,run3,mlc1c005,79.551605,12985.8576,16323.8159,14703
tokyo,run3,mlc1r10,79.581433,12990.7266,16323.8159,14786
tokyo,run3,mlc1psig005,79.447826,12968.9168,16323.8159,14726
tokyo,run3,mlc1c005r10,79.522535,12981.1123,16323.8159,14786
tokyo,run3,mlc2nobds,79.541634,12984.2299,16323.8159,14703
tokyo,run3,all_psig,79.475462,12973.4282,16323.8159,14702
tokyo,run3,all_hold,79.127974,12916.7048,16323.8159,14706
tokyo,run3,all_new,79.058199,12905.3149,16323.8159,14706
nagoya,run1,base,63.331596,2825.2904,4461.1071,4929
nagoya,run1,r15ga,63.331596,2825.2904,4461.1071,4929
nagoya,run1,r20ga,61.701057,2752.5502,4461.1071,4929
nagoya,run1,psig1,63.287535,2823.3247,4461.1071,4929
nagoya,run1,psig2,63.287535,2823.3247,4461.1071,4929
nagoya,run1,psig05,63.287535,2823.3247,4461.1071,4929
nagoya,run1,psig3,63.211794,2819.9458,4461.1071,4931
nagoya,run1,holdrlx,63.295535,2823.6816,4461.1071,4930
nagoya,run1,holdvrlx,63.331596,2825.2904,4461.1071,4929
nagoya,run1,psig1_holdrlx,63.331596,2825.2904,4461.1071,4929
nagoya,run1,csig1,63.331596,2825.2904,4461.1071,4929
nagoya,run1,minobs6,63.331596,2825.2904,4461.1071,4929
nagoya,run1,nobds,63.289661,2823.4196,4461.1071,4938
nagoya,run1,em10,63.331596,2825.2904,4461.1071,4929
nagoya,run1,r12ga,61.775125,2755.8545,4461.1071,4933
nagoya,run1,noglo,63.331596,2825.2904,4461.1071,4929
nagoya,run1,csig05,63.328912,2825.1706,4461.1071,4929
nagoya,run1,arfilt,63.331596,2825.2904,4461.1071,4929
nagoya,run1,rout30,63.331596,2825.2904,4461.1071,4929
nagoya,run1,rout20,63.331596,2825.2904,4461.1071,4929
nagoya,run1,rout100,63.320947,2824.8153,4461.1071,4932
nagoya,run1,mb5k,63.331596,2825.2904,4461.1071,4929
nagoya,run1,minar5,63.331596,2825.2904,4461.1071,4929
nagoya,run1,csig05_psig1,63.331596,2825.2904,4461.1071,4929
nagoya,run1,csig05_holdrlx,63.274008,2822.7213,4461.1071,4930
nagoya,run1,csig01,63.130765,2816.3311,4461.1071,4937
nagoya,run1,csig05_nobds,63.331596,2825.2904,4461.1071,4931
nagoya,run1,csig05_psig1_holdrlx,63.274008,2822.7213,4461.1071,4931
nagoya,run1,csig05_holdvrlx,63.277138,2822.8609,4461.1071,4930
nagoya,run1,csig05_em10,63.376473,2827.2924,4461.1071,4937
nagoya,run1,csig01_holdrlx,63.079717,2814.0538,4461.1071,4933
nagoya,run1,csig05_psig1_holdvrlx,63.311431,2824.3908,4461.1071,4929
nagoya,run1,csig01_psig1_holdrlx,63.167288,2817.9604,4461.1071,4931
nagoya,run1,csig05_holdrlx_em10,63.237639,2821.0988,4461.1071,4930
nagoya,run1,psig1_holdvrlx,63.370081,2827.0072,4461.1071,4945
nagoya,run1,csig05_nobds_holdrlx,63.331596,2825.2904,4461.1071,4929
nagoya,run1,csig01_holdvrlx,63.101131,2815.0091,4461.1071,4929
nagoya,run1,csig005,63.261161,2822.1482,4461.1071,4929
nagoya,run1,csig01_nobds,63.331596,2825.2904,4461.1071,4930
nagoya,run1,nobds_holdrlx,63.258487,2822.0289,4461.1071,4938
nagoya,run1,csig01_psig1,63.231749,2820.8360,4461.1071,4930
nagoya,run1,csig005_holdrlx,63.331596,2825.2904,4461.1071,4929
nagoya,run1,csig005_psig1,63.331596,2825.2904,4461.1071,4931
nagoya,run1,csig005_nobds,63.251472,2821.7159,4461.1071,4941
nagoya,run1,csig005_em10,63.261161,2822.1482,4461.1071,4942
nagoya,run1,csig0001,63.313189,2824.4692,4461.1071,4933
nagoya,run1,csig00005,63.331596,2825.2904,4461.1071,4930
nagoya,run1,nopostflt,63.331596,2825.2904,4461.1071,4929
nagoya,run1,csig05_nopostflt,63.328912,2825.1706,4461.1071,4929
nagoya,run1,csig005_nopostflt,63.261161,2822.1482,4461.1071,4929
nagoya,run1,iono_iflc,63.197666,2819.3156,4461.1071,4934
nagoya,run1,csig005_holdvrlx,63.094476,2814.7122,4461.1071,4937
nagoya,run1,csig005_psig1_holdrlx,63.331596,2825.2904,4461.1071,4929
nagoya,run1,csig005_glonassar,62.279534,2778.3567,4461.1071,4932
nagoya,run1,csig005_psig1_holdvrlx,63.331596,2825.2904,4461.1071,4931
nagoya,run1,noarfilt,63.331596,2825.2904,4461.1071,4929
nagoya,run1,csig05_noarfilt,63.328912,2825.1706,4461.1071,4929
nagoya,run1,r05,63.331596,2825.2904,4461.1071,4929
nagoya,run1,r08,63.331596,2825.2904,4461.1071,4929
nagoya,run1,r10,63.331596,2825.2904,4461.1071,4929
nagoya,run1,csig05_r10,63.277071,2822.8579,4461.1071,4930
nagoya,run1,csig005_r10,63.221285,2820.3692,4461.1071,4931
nagoya,run1,csig005_minar3,63.331596,2825.2904,4461.1071,4929
nagoya,run1,mb1k,63.331596,2825.2904,4461.1071,4929
nagoya,run1,mb50k,63.331596,2825.2904,4461.1071,4930
nagoya,run1,modeauto,63.331596,2825.2904,4461.1071,4929
nagoya,run1,modestatic,63.174245,2818.2707,4461.1071,4946
nagoya,run1,onlyG,63.331596,2825.2904,4461.1071,4929
nagoya,run1,psig01,63.253919,2821.8251,4461.1071,4935
nagoya,run1,psig005,63.194485,2819.1737,4461.1071,4932
nagoya,run1,csig005_psig01,63.154423,2817.3865,4461.1071,4938
nagoya,run1,onlyG_holdrlx,63.295535,2823.6816,4461.1071,4930
nagoya,run1,onlyG_csig05,63.331596,2825.2904,4461.1071,4929
nagoya,run1,onlyG_csig005,63.247381,2821.5334,4461.1071,4940
nagoya,run1,onlyG_psig1,63.331596,2825.2904,4461.1071,4929
nagoya,run1,onlyG_holdvrlx,63.295535,2823.6816,4461.1071,4945
nagoya,run1,onlyG_r05,63.279556,2822.9688,4461.1071,4939
nagoya,run1,onlyG_csig01,63.331596,2825.2904,4461.1071,4929
nagoya,run1,onlyG_em10,63.331596,2825.2904,4461.1071,4932
nagoya,run1,onlyG_psig1_csig05,63.331596,2825.2904,4461.1071,4929
nagoya,run1,onlyG_psig1_holdrlx,63.261982,2822.1848,4461.1071,4929
nagoya,run1,oGc005hr,63.331596,2825.2904,4461.1071,4929
nagoya,run1,oGc005p1,63.331596,2825.2904,4461.1071,4929
nagoya,run1,oGc005p1hr,63.220074,2820.3152,4461.1071,4930
nagoya,run1,oGc01p1,63.238463,2821.1356,4461.1071,4932
nagoya,run1,c005p1,63.331596,2825.2904,4461.1071,4929
nagoya,run1,c005p1hr,63.274008,2822.7213,4461.1071,4930
nagoya,run1,arfm05,63.331596,2825.2904,4461.1071,4929
nagoya,run1,prsurv,63.331596,2825.2904,4461.1071,4929
nagoya,run1,oGc0001p1,63.331596,2825.2904,4461.1071,4930
nagoya,run1,oGc00005p1,63.237743,2821.1034,4461.1071,4941
nagoya,run1,oGc005p05,63.224046,2820.4924,4461.1071,4933
nagoya,run1,oGc005p2,63.331596,2825.2904,4461.1071,4929
nagoya,run1,oGc005p1ar3,63.331596,2825.2904,4461.1071,4929
nagoya,run1,nobdsc005p1,63.289661,2823.4196,4461.1071,4937
nagoya,run1,ratio12,63.331596,2825.2904,4461.1071,4932
nagoya,run1,ratio12oG,63.295535,2823.6816,4461.1071,4935
nagoya,run1,mlc2,63.382336,2827.5539,4461.1071,4930
nagoya,run1,mlc2oG,63.331596,2825.2904,4461.1071,4929
nagoya,run1,em5,63.331596,2825.2904,4461.1071,4929
nagoya,run1,ionest,63.331596,2825.2904,4461.1071,4929
nagoya,run1,em3,63.331596,2825.2904,4461.1071,4929
nagoya,run1,em7,63.331596,2825.2904,4461.1071,4929
nagoya,run1,em5oG,63.331596,2825.2904,4461.1071,4932
nagoya,run1,em5c005p1,63.351558,2826.1809,4461.1071,4930
nagoya,run1,mlc1oG,63.331596,2825.2904,4461.1071,4929
nagoya,run1,em5mlc2oG,63.331596,2825.2904,4461.1071,4932
nagoya,run1,mlc1,63.331596,2825.2904,4461.1071,4932
nagoya,run1,mlc1oGc005,63.331596,2825.2904,4461.1071,4930
nagoya,run1,mlc1oGp1,63.310445,2824.3468,4461.1071,4937
nagoya,run1,mlc1oGc005p1,63.331596,2825.2904,4461.1071,4929
nagoya,run1,em3oG,63.331596,2825.2904,4461.1071,4930
nagoya,run1,em3mlc1oG,63.331596,2825.2904,4461.1071,4929
nagoya,run1,mlc1c005p1,63.331596,2825.2904,4461.1071,4929
nagoya,run1,mlc1oGc0001,63.331596,2825.2904,4461.1071,4930
nagoya,run1,mlc1oGc005em3,63.331596,2825.2904,4461.1071,4930
nagoya,run1,mlc1oGc005r12,63.331596,2825.2904,4461.1071,4934
nagoya,run1,mlc0oG,63.331596,2825.2904,4461.1071,4929
nagoya,run1,mlc1nobds,63.289661,2823.4196,4461.1071,4937
nagoya,run1,mlc0,63.331596,2825.2904,4461.1071,4929
nagoya,run1,mlc1c005,63.328912,2825.1706,4461.1071,4940
nagoya,run1,mlc1r10,63.509929,2833.2460,4461.1071,4962
nagoya,run1,mlc1psig005,63.060499,2813.1964,4461.1071,4938
nagoya,run1,mlc1c005r10,63.331596,2825.2904,4461.1071,4964
nagoya,run1,mlc2nobds,63.289661,2823.4196,4461.1071,4938
nagoya,run1,all_psig,63.211794,2819.9458,4461.1071,4931
nagoya,run1,all_hold,63.295535,2823.6816,4461.1071,4930
nagoya,run1,all_new,63.169859,2818.0751,4461.1071,4940
nagoya,run2,base,38.221803,1812.1652,4741.1820,8837
nagoya,run2,r15ga,38.117159,1807.2039,4741.1820,8846
nagoya,run2,r20ga,38.221803,1812.1652,4741.1820,8837
nagoya,run2,psig1,38.088491,1805.8447,4741.1820,8838
nagoya,run2,psig2,37.997088,1801.5111,4741.1820,8839
nagoya,run2,psig05,38.042867,1803.6815,4741.1820,8837
nagoya,run2,psig3,38.167103,1809.5718,4741.1820,8837
nagoya,run2,holdrlx,36.611827,1735.8333,4741.1820,8860
nagoya,run2,holdvrlx,34.771466,1648.5785,4741.1820,8857
nagoya,run2,psig1_holdrlx,36.396583,1725.6282,4741.1820,8843
nagoya,run2,csig1,38.221803,1812.1652,4741.1820,8837
nagoya,run2,minobs6,38.221803,1812.1652,4741.1820,8839
nagoya,run2,nobds,38.221803,1812.1652,4741.1820,8837
nagoya,run2,em10,38.110752,1806.9001,4741.1820,8840
nagoya,run2,r12ga,38.018142,1802.5093,4741.1820,8919
nagoya,run2,noglo,38.130144,1807.8195,4741.1820,8837
nagoya,run2,csig05,38.221803,1812.1652,4741.1820,8837
nagoya,run2,arfilt,38.221803,1812.1652,4741.1820,8839
nagoya,run2,rout30,38.221719,1812.1613,4741.1820,8838
nagoya,run2,rout20,38.221803,1812.1652,4741.1820,8837
nagoya,run2,rout100,38.221803,1812.1652,4741.1820,8840
nagoya,run2,mb5k,38.221803,1812.1652,4741.1820,8837
nagoya,run2,minar5,38.221803,1812.1652,4741.1820,8839
nagoya,run2,csig05_psig1,38.224254,1812.2814,4741.1820,8837
nagoya,run2,csig05_holdrlx,37.641458,1784.6500,4741.1820,8852
nagoya,run2,csig01,38.221803,1812.1652,4741.1820,8837
nagoya,run2,csig05_nobds,37.944798,1799.0319,4741.1820,8837
nagoya,run2,csig05_psig1_holdrlx,37.364411,1771.5147,4741.1820,8847
nagoya,run2,csig05_holdvrlx,37.163840,1762.0053,4741.1820,8872
nagoya,run2,csig05_em10,38.270204,1814.4600,4741.1820,8866
nagoya,run2,csig01_holdrlx,38.221803,1812.1652,4741.1820,8837
nagoya,run2,csig05_psig1_holdvrlx,37.197950,1763.6225,4741.1820,8849
nagoya,run2,csig01_psig1_holdrlx,38.221803,1812.1652,4741.1820,8844
nagoya,run2,csig05_holdrlx_em10,37.688924,1786.9005,4741.1820,8862
nagoya,run2,psig1_holdvrlx,35.806807,1697.6659,4741.1820,8846
nagoya,run2,csig05_nobds_holdrlx,37.332866,1770.0191,4741.1820,8839
nagoya,run2,csig01_holdvrlx,38.113430,1807.0271,4741.1820,8845
nagoya,run2,csig005,38.221803,1812.1652,4741.1820,8837
nagoya,run2,csig01_nobds,37.960905,1799.7956,4741.1820,8838
nagoya,run2,nobds_holdrlx,37.682054,1786.5748,4741.1820,8840
nagoya,run2,csig01_psig1,38.137434,1808.1652,4741.1820,8838
nagoya,run2,csig005_holdrlx,38.133222,1807.9654,4741.1820,8841
nagoya,run2,csig005_psig1,38.174819,1809.9377,4741.1820,8840
nagoya,run2,csig005_nobds,38.085685,1805.7116,4741.1820,8837
nagoya,run2,csig005_em10,38.212008,1811.7008,4741.1820,8839
nagoya,run2,csig0001,38.221803,1812.1652,4741.1820,8839
nagoya,run2,csig00005,38.221803,1812.1652,4741.1820,8838
nagoya,run2,nopostflt,38.221803,1812.1652,4741.1820,8839
nagoya,run2,csig05_nopostflt,38.221803,1812.1652,4741.1820,8837
nagoya,run2,csig005_nopostflt,38.221803,1812.1652,4741.1820,8837
nagoya,run2,iono_iflc,31.801914,1507.7866,4741.1820,8848
nagoya,run2,csig005_holdvrlx,37.988547,1801.1061,4741.1820,8843
nagoya,run2,csig005_psig1_holdrlx,38.221803,1812.1652,4741.1820,8840
nagoya,run2,csig005_glonassar,38.067567,1804.8526,4741.1820,8848
nagoya,run2,csig005_psig1_holdvrlx,38.123933,1807.5250,4741.1820,8846
nagoya,run2,noarfilt,38.221803,1812.1652,4741.1820,8839
nagoya,run2,csig05_noarfilt,38.221803,1812.1652,4741.1820,8837
nagoya,run2,r05,38.047490,1803.9007,4741.1820,8892
nagoya,run2,r08,38.047490,1803.9007,4741.1820,8892
nagoya,run2,r10,38.047490,1803.9007,4741.1820,8892
nagoya,run2,csig05_r10,38.226685,1812.3967,4741.1820,8940
nagoya,run2,csig005_r10,37.969291,1800.1932,4741.1820,8881
nagoya,run2,csig005_minar3,38.221803,1812.1652,4741.1820,8837
nagoya,run2,mb1k,38.221803,1812.1652,4741.1820,8837
nagoya,run2,mb50k,38.089619,1805.8981,4741.1820,8837
nagoya,run2,modeauto,38.221803,1812.1652,4741.1820,8839
nagoya,run2,modestatic,30.693028,1455.2123,4741.1820,8848
nagoya,run2,onlyG,38.221803,1812.1652,4741.1820,8837
nagoya,run2,psig01,37.483973,1777.1834,4741.1820,8839
nagoya,run2,psig005,37.721353,1788.4380,4741.1820,8843
nagoya,run2,csig005_psig01,38.016209,1802.4177,4741.1820,8840
nagoya,run2,onlyG_holdrlx,36.944961,1751.6278,4741.1820,8845
nagoya,run2,onlyG_csig05,37.788754,1791.6336,4741.1820,8837
nagoya,run2,onlyG_csig005,38.221803,1812.1652,4741.1820,8837
nagoya,run2,onlyG_psig1,38.143133,1808.4353,4741.1820,8837
nagoya,run2,onlyG_holdvrlx,35.493248,1682.7995,4741.1820,8843
nagoya,run2,onlyG_r05,38.221803,1812.1652,4741.1820,8837
nagoya,run2,onlyG_csig01,38.033976,1803.2600,4741.1820,8839
nagoya,run2,onlyG_em10,38.031096,1803.1235,4741.1820,8838
nagoya,run2,onlyG_psig1_csig05,37.921684,1797.9360,4741.1820,8837
nagoya,run2,onlyG_psig1_holdrlx,37.139690,1760.8603,4741.1820,8837
nagoya,run2,oGc005hr,38.100293,1806.4042,4741.1820,8867
nagoya,run2,oGc005p1,37.709376,1787.8702,4741.1820,8837
nagoya,run2,oGc005p1hr,38.332370,1817.4074,4741.1820,8851
nagoya,run2,oGc01p1,37.800669,1792.1985,4741.1820,8843
nagoya,run2,c005p1,38.130106,1807.8177,4741.1820,8839
nagoya,run2,c005p1hr,37.696071,1787.2393,4741.1820,8843
nagoya,run2,arfm05,38.221803,1812.1652,4741.1820,8839
nagoya,run2,prsurv,38.221803,1812.1652,4741.1820,8837
nagoya,run2,oGc0001p1,37.356292,1771.1298,4741.1820,8850
nagoya,run2,oGc00005p1,37.909889,1797.3768,4741.1820,8856
nagoya,run2,oGc005p05,37.753485,1789.9614,4741.1820,8842
nagoya,run2,oGc005p2,37.914464,1797.5937,4741.1820,8838
nagoya,run2,oGc005p1ar3,38.221803,1812.1652,4741.1820,8837
nagoya,run2,nobdsc005p1,37.918470,1797.7836,4741.1820,8837
nagoya,run2,ratio12,37.935804,1798.6055,4741.1820,8844
nagoya,run2,ratio12oG,38.074425,1805.1778,4741.1820,8856
nagoya,run2,mlc2,38.134437,1808.0231,4741.1820,8846
nagoya,run2,mlc2oG,38.183588,1810.3534,4741.1820,8839
nagoya,run2,em5,38.010875,1802.1648,4741.1820,8839
nagoya,run2,ionest,38.221803,1812.1652,4741.1820,8837
nagoya,run2,em3,38.136032,1808.0987,4741.1820,8840
nagoya,run2,em7,38.136032,1808.0987,4741.1820,8840
nagoya,run2,em5oG,38.005443,1801.9072,4741.1820,8838
nagoya,run2,em5c005p1,37.810546,1792.6668,4741.1820,8850
nagoya,run2,mlc1oG,38.221803,1812.1652,4741.1820,8837
nagoya,run2,em5mlc2oG,38.061747,1804.5767,4741.1820,8840
nagoya,run2,mlc1,38.252505,1813.6209,4741.1820,8857
nagoya,run2,mlc1oGc005,38.221803,1812.1652,4741.1820,8837
nagoya,run2,mlc1oGp1,38.065867,1804.7720,4741.1820,8871
nagoya,run2,mlc1oGc005p1,37.723922,1788.5598,4741.1820,8842
nagoya,run2,em3oG,38.024044,1802.7891,4741.1820,8837
nagoya,run2,em3mlc1oG,38.175890,1809.9884,4741.1820,8839
nagoya,run2,mlc1c005p1,38.263259,1814.1307,4741.1820,8861
nagoya,run2,mlc1oGc0001,38.079120,1805.4004,4741.1820,8847
nagoya,run2,mlc1oGc005em3,38.109386,1806.8353,4741.1820,8838
nagoya,run2,mlc1oGc005r12,38.087422,1805.7940,4741.1820,8848
nagoya,run2,mlc0oG,38.221803,1812.1652,4741.1820,8837
nagoya,run2,mlc1nobds,38.221803,1812.1652,4741.1820,8846
nagoya,run2,mlc0,38.221803,1812.1652,4741.1820,8837
nagoya,run2,mlc1c005,38.310764,1816.3830,4741.1820,8841
nagoya,run2,mlc1r10,38.028262,1802.9891,4741.1820,9001
nagoya,run2,mlc1psig005,37.801937,1792.2586,4741.1820,8875
nagoya,run2,mlc1c005r10,38.162682,1809.3622,4741.1820,8995
nagoya,run2,mlc2nobds,38.183588,1810.3534,4741.1820,8839
nagoya,run2,all_psig,37.809633,1792.6235,4741.1820,8839
nagoya,run2,all_hold,34.018945,1612.9001,4741.1820,8869
nagoya,run2,all_new,33.696189,1597.5976,4741.1820,8857
nagoya,run3,base,56.313379,1874.0891,3327.9642,4903
nagoya,run3,r15ga,56.271398,1872.6920,3327.9642,4961
nagoya,run3,r20ga,55.705027,1853.8434,3327.9642,4941
nagoya,run3,psig1,56.313379,1874.0891,3327.9642,4903
nagoya,run3,psig2,56.313379,1874.0891,3327.9642,4903
nagoya,run3,psig05,56.313379,1874.0891,3327.9642,4903
nagoya,run3,psig3,56.313379,1874.0891,3327.9642,4903
nagoya,run3,holdrlx,55.335469,1841.5446,3327.9642,4941
nagoya,run3,holdvrlx,56.313379,1874.0891,3327.9642,4903
nagoya,run3,psig1_holdrlx,56.313379,1874.0891,3327.9642,4903
nagoya,run3,csig1,56.313379,1874.0891,3327.9642,4907
nagoya,run3,minobs6,56.259853,1872.3078,3327.9642,4906
nagoya,run3,nobds,56.210710,1870.6723,3327.9642,4904
nagoya,run3,em10,56.252684,1872.0692,3327.9642,4906
nagoya,run3,r12ga,56.083319,1866.4328,3327.9642,4955
nagoya,run3,noglo,56.303927,1873.7746,3327.9642,4907
nagoya,run3,csig05,56.313379,1874.0891,3327.9642,4903
nagoya,run3,arfilt,56.303927,1873.7746,3327.9642,4907
nagoya,run3,rout30,56.313379,1874.0891,3327.9642,4903
nagoya,run3,rout20,56.313379,1874.0891,3327.9642,4904
nagoya,run3,rout100,55.693483,1853.4592,3327.9642,4916
nagoya,run3,mb5k,56.313379,1874.0891,3327.9642,4903
nagoya,run3,minar5,56.303927,1873.7746,3327.9642,4907
nagoya,run3,csig05_psig1,56.057177,1865.5628,3327.9642,4912
nagoya,run3,csig05_holdrlx,56.313379,1874.0891,3327.9642,4903
nagoya,run3,csig01,56.080117,1866.3262,3327.9642,4908
nagoya,run3,csig05_nobds,54.584798,1816.5625,3327.9642,4905
nagoya,run3,csig05_psig1_holdrlx,56.313379,1874.0891,3327.9642,4903
nagoya,run3,csig05_holdvrlx,55.092746,1833.4669,3327.9642,4915
nagoya,run3,csig05_em10,56.153907,1868.7819,3327.9642,4904
nagoya,run3,csig01_holdrlx,56.344549,1875.1264,3327.9642,4914
nagoya,run3,csig05_psig1_holdvrlx,56.313379,1874.0891,3327.9642,4903
nagoya,run3,csig01_psig1_holdrlx,56.313379,1874.0891,3327.9642,4913
nagoya,run3,csig05_holdrlx_em10,56.359654,1875.6291,3327.9642,4904
nagoya,run3,psig1_holdvrlx,55.260640,1839.0543,3327.9642,4912
nagoya,run3,csig05_nobds_holdrlx,55.478632,1846.3090,3327.9642,4917
nagoya,run3,csig01_holdvrlx,56.087749,1866.5802,3327.9642,4913
nagoya,run3,csig005,56.222727,1871.0722,3327.9642,4912
nagoya,run3,csig01_nobds,56.075965,1866.1881,3327.9642,4913
nagoya,run3,nobds_holdrlx,52.613260,1750.9505,3327.9642,4930
nagoya,run3,csig01_psig1,56.183301,1869.7602,3327.9642,4914
nagoya,run3,csig005_holdrlx,56.144967,1868.4844,3327.9642,4919
nagoya,run3,csig005_psig1,56.313379,1874.0891,3327.9642,4911
nagoya,run3,csig005_nobds,55.385155,1843.1982,3327.9642,4911
nagoya,run3,csig005_em10,56.206031,1870.5166,3327.9642,4917
nagoya,run3,csig0001,56.313379,1874.0891,3327.9642,4907
nagoya,run3,csig00005,56.313379,1874.0891,3327.9642,4906
nagoya,run3,nopostflt,56.303927,1873.7746,3327.9642,4907
nagoya,run3,csig05_nopostflt,56.313379,1874.0891,3327.9642,4903
nagoya,run3,csig005_nopostflt,56.222727,1871.0722,3327.9642,4912
nagoya,run3,iono_iflc,50.350695,1675.6531,3327.9642,4906
nagoya,run3,csig005_holdvrlx,55.950028,1861.9969,3327.9642,4910
nagoya,run3,csig005_psig1_holdrlx,56.313379,1874.0891,3327.9642,4913
nagoya,run3,csig005_glonassar,56.213076,1870.7511,3327.9642,4931
nagoya,run3,csig005_psig1_holdvrlx,56.266238,1872.5203,3327.9642,4912
nagoya,run3,noarfilt,56.303927,1873.7746,3327.9642,4907
nagoya,run3,csig05_noarfilt,56.313379,1874.0891,3327.9642,4903
nagoya,run3,r05,56.298879,1873.6066,3327.9642,4906
nagoya,run3,r08,56.280417,1872.9921,3327.9642,4906
nagoya,run3,r10,56.280417,1872.9921,3327.9642,4906
nagoya,run3,csig05_r10,56.145479,1868.5015,3327.9642,4905
nagoya,run3,csig005_r10,56.216900,1870.8783,3327.9642,4912
nagoya,run3,csig005_minar3,56.313379,1874.0891,3327.9642,4903
nagoya,run3,mb1k,56.313379,1874.0891,3327.9642,4903
nagoya,run3,mb50k,56.313379,1874.0891,3327.9642,4903
nagoya,run3,modeauto,56.303927,1873.7746,3327.9642,4907
nagoya,run3,modestatic,50.526715,1681.5110,3327.9642,4908
nagoya,run3,onlyG,56.020259,1864.3342,3327.9642,4904
nagoya,run3,psig01,56.204177,1870.4549,3327.9642,4917
nagoya,run3,psig005,55.941635,1861.7176,3327.9642,4922
nagoya,run3,csig005_psig01,56.025862,1864.5206,3327.9642,4914
nagoya,run3,onlyG_holdrlx,52.135159,1735.0395,3327.9642,4910
nagoya,run3,onlyG_csig05,54.503994,1813.8734,3327.9642,4908
nagoya,run3,onlyG_csig005,55.565781,1849.2093,3327.9642,4912
nagoya,run3,onlyG_psig1,56.313379,1874.0891,3327.9642,4903
nagoya,run3,onlyG_holdvrlx,52.320153,1741.1960,3327.9642,4921
nagoya,run3,onlyG_r05,56.190069,1869.9854,3327.9642,4903
nagoya,run3,onlyG_csig01,55.999864,1863.6555,3327.9642,4912
nagoya,run3,onlyG_em10,56.313379,1874.0891,3327.9642,4903
nagoya,run3,onlyG_psig1_csig05,56.313379,1874.0891,3327.9642,4903
nagoya,run3,onlyG_psig1_holdrlx,54.661557,1819.1171,3327.9642,4915
nagoya,run3,oGc005hr,55.760549,1855.6911,3327.9642,4914
nagoya,run3,oGc005p1,56.038773,1864.9503,3327.9642,4908
nagoya,run3,oGc005p1hr,55.547855,1848.6128,3327.9642,4916
nagoya,run3,oGc01p1,55.703188,1853.7822,3327.9642,4911
nagoya,run3,c005p1,56.313379,1874.0891,3327.9642,4904
nagoya,run3,c005p1hr,55.166623,1835.9255,3327.9642,4913
nagoya,run3,arfm05,56.303927,1873.7746,3327.9642,4907
nagoya,run3,prsurv,56.207908,1870.5791,3327.9642,4908
nagoya,run3,oGc0001p1,56.189732,1869.9742,3327.9642,4909
nagoya,run3,oGc00005p1,55.965183,1862.5013,3327.9642,4910
nagoya,run3,oGc005p05,55.880552,1859.6848,3327.9642,4913
nagoya,run3,oGc005p2,56.269588,1872.6318,3327.9642,4908
nagoya,run3,oGc005p1ar3,56.313379,1874.0891,3327.9642,4903
nagoya,run3,nobdsc005p1,56.313379,1874.0891,3327.9642,4903
nagoya,run3,ratio12,56.313379,1874.0891,3327.9642,4905
nagoya,run3,ratio12oG,56.266165,1872.5179,3327.9642,4905
nagoya,run3,mlc2,56.190382,1869.9958,3327.9642,4909
nagoya,run3,mlc2oG,56.098050,1866.9230,3327.9642,4907
nagoya,run3,em5,56.252684,1872.0692,3327.9642,4910
nagoya,run3,ionest,56.313379,1874.0891,3327.9642,4903
nagoya,run3,em3,56.252684,1872.0692,3327.9642,4908
nagoya,run3,em7,56.252684,1872.0692,3327.9642,4908
nagoya,run3,em5oG,56.191127,1870.0206,3327.9642,4909
nagoya,run3,em5c005p1,56.254489,1872.1293,3327.9642,4906
nagoya,run3,mlc1oG,56.148150,1868.5904,3327.9642,4905
nagoya,run3,em5mlc2oG,56.285665,1873.1668,3327.9642,4909
nagoya,run3,mlc1,56.277970,1872.9107,3327.9642,4912
nagoya,run3,mlc1oGc005,54.628381,1818.0130,3327.9642,4910
nagoya,run3,mlc1oGp1,55.278809,1839.6590,3327.9642,4923
nagoya,run3,mlc1oGc005p1,56.313379,1874.0891,3327.9642,4903
nagoya,run3,em3oG,55.961948,1862.3936,3327.9642,4913
nagoya,run3,em3mlc1oG,56.313379,1874.0891,3327.9642,4903
nagoya,run3,mlc1c005p1,56.313379,1874.0891,3327.9642,4903
nagoya,run3,mlc1oGc0001,55.466447,1845.9035,3327.9642,4918
nagoya,run3,mlc1oGc005em3,56.124538,1867.8046,3327.9642,4917
nagoya,run3,mlc1oGc005r12,56.252043,1872.0479,3327.9642,4910
nagoya,run3,mlc0oG,56.313379,1874.0891,3327.9642,4903
nagoya,run3,mlc1nobds,56.020721,1864.3496,3327.9642,4907
nagoya,run3,mlc0,56.313379,1874.0891,3327.9642,4903
nagoya,run3,mlc1c005,56.106240,1867.1956,3327.9642,4907
nagoya,run3,mlc1r10,56.223164,1871.0868,3327.9642,4919
nagoya,run3,mlc1psig005,56.078252,1866.2642,3327.9642,4922
nagoya,run3,mlc1c005r10,56.733935,1888.0851,3327.9642,4905
nagoya,run3,mlc2nobds,56.098050,1866.9230,3327.9642,4911
nagoya,run3,all_psig,56.313379,1874.0891,3327.9642,4903
nagoya,run3,all_hold,55.335469,1841.5446,3327.9642,4941
nagoya,run3,all_new,56.157184,1868.8910,3327.9642,4911
